-- phpMyAdmin SQL Dump
-- version 3.2.2
-- http://www.phpmyadmin.net
--
-- 主机: localhost
-- 生成日期: 2013 年 10 月 29 日 02:46
-- 服务器版本: 5.0.21
-- PHP 版本: 5.2.0

SET SQL_MODE="NO_AUTO_VALUE_ON_ZERO";


/*!40101 SET @OLD_CHARACTER_SET_CLIENT=@@CHARACTER_SET_CLIENT */;
/*!40101 SET @OLD_CHARACTER_SET_RESULTS=@@CHARACTER_SET_RESULTS */;
/*!40101 SET @OLD_COLLATION_CONNECTION=@@COLLATION_CONNECTION */;
/*!40101 SET NAMES utf8 */;

--
-- 数据库: `gztest`
--

--
-- 转存表中的数据 `exams`
--

INSERT INTO `exams` (`id`, `name`, `closed`, `created_at`, `updated_at`) VALUES
(1, '测试2012期末统考', 1, '2012-06-19 15:22:08', '2013-01-08 09:06:04'),
(2, '汕头市2011-2012学年度非毕业班教学质量检测文件上传', 1, '2012-07-10 08:39:57', '2012-12-06 08:57:54'),
(3, '汕头市2012-2013学年度普通高中毕业班教学质量监测', 1, '2013-01-08 09:05:54', '2013-01-19 06:29:04'),
(4, '汕头市2012-2013学年度非毕业班教学质量监测', 1, '2013-07-01 08:20:25', '2013-07-28 14:11:39');

--
-- 转存表中的数据 `order_items`
--

INSERT INTO `order_items` (`id`, `paper_order_id`, `school_id`, `school_name`, `g1yw`, `g1sx`, `g1yy`, `g1wl`, `g1hx`, `g1sw`, `g1zz`, `g1ls`, `g1dl`, `g2w`, `g2l`, `g2yw`, `g2sxl`, `g2sxw`, `g2yy`, `g2wl`, `g2hx`, `g2sw`, `g2zz`, `g2ls`, `g2dl`, `g3w`, `g3l`, `g3yw`, `g3sxl`, `g3sxw`, `g3yy`, `g3wz`, `g3lz`, `created_at`, `updated_at`, `confirmed`, `handler`, `telephone`) VALUES
(3, 3, 9, '汕头市金山中学南区学校', 500, 500, 500, 390, 390, 390, 120, 120, 120, 140, 360, 500, 360, 140, 500, 360, 360, 360, 140, 140, 140, 0, 0, 0, 0, 0, 0, 0, 0, '2013-05-15 00:59:07', '2013-05-15 00:59:46', 1, '谢建存', '0754-87392455'),
(4, 3, 12, '汕头市翠英中学', 500, 500, 500, 500, 500, 500, 500, 500, 500, 248, 243, 491, 243, 248, 491, 243, 243, 243, 248, 248, 248, 0, 0, 0, 0, 0, 0, 0, 0, '2013-05-15 06:39:57', '2013-05-15 06:59:05', 1, '林玲', '13546857218'),
(5, 3, 38, '汕头市澄海苏北中学', 983, 983, 983, 983, 983, 983, 983, 983, 983, 429, 617, 1046, 617, 429, 1046, 617, 617, 617, 429, 429, 429, 0, 0, 0, 0, 0, 0, 0, 0, '2013-05-15 08:47:27', '2013-05-15 08:48:08', 1, '唐振华', '13715923591'),
(6, 3, 50, '汕头市澄海盐鸿中学', 165, 165, 165, 165, 165, 165, 165, 165, 165, 99, 39, 138, 39, 99, 138, 39, 39, 39, 99, 99, 99, 0, 0, 0, 0, 0, 0, 0, 0, '2013-05-16 02:29:57', '2013-05-16 02:30:21', 1, '林锦湖', '13670510310'),
(7, 3, 88, '汕头市潮南区东山中学', 490, 490, 490, 490, 490, 490, 490, 490, 490, 204, 240, 444, 240, 204, 444, 240, 240, 240, 204, 204, 204, 0, 0, 0, 0, 0, 0, 0, 0, '2013-05-16 03:00:03', '2013-05-16 03:00:21', 1, '陈洁忠', '13546892233'),
(8, 3, 47, '汕头市澄海隆都中学', 318, 318, 318, 318, 318, 318, 318, 318, 318, 186, 64, 250, 64, 186, 250, 64, 64, 64, 186, 186, 186, 0, 0, 0, 0, 0, 0, 0, 0, '2013-05-16 03:11:12', '2013-05-16 03:11:45', 1, '林文生', '15916688061'),
(9, 3, 89, '成田高级中学', 532, 532, 532, 532, 532, 532, 532, 532, 532, 242, 258, 500, 258, 242, 500, 258, 258, 258, 242, 242, 242, 0, 0, 0, 0, 0, 0, 0, 0, '2013-05-16 07:07:37', '2013-05-16 07:07:43', 1, '刘志华', '13612352673'),
(10, 3, 11, '汕头市下蓬中学', 630, 630, 630, 630, 630, 630, 630, 630, 630, 320, 300, 620, 300, 320, 620, 300, 300, 300, 320, 320, 320, 0, 0, 0, 0, 0, 0, 0, 0, '2013-05-16 07:41:33', '2013-05-16 07:42:35', 1, '陈伟群', '88330295'),
(11, 3, 49, '汕头市澄海溪南中学', 135, 135, 135, 135, 135, 135, 135, 135, 135, 130, 50, 180, 50, 130, 180, 50, 50, 50, 130, 130, 130, 0, 0, 0, 0, 0, 0, 0, 0, '2013-05-16 08:10:57', '2013-05-16 08:12:35', 1, '林雄合', '13670421296'),
(12, 3, 44, '汕头市澄海汇璟中学', 230, 230, 230, 230, 230, 230, 230, 230, 230, 170, 45, 215, 45, 170, 215, 45, 45, 45, 170, 170, 170, 0, 0, 0, 0, 0, 0, 0, 0, '2013-05-16 08:46:55', '2013-05-16 08:47:13', 1, '陈健东', '13553355326'),
(13, 3, 34, '汕头市广澳中学', 440, 440, 440, 440, 440, 440, 440, 440, 440, 320, 94, 414, 94, 320, 414, 94, 94, 94, 320, 320, 320, 0, 0, 0, 0, 0, 0, 0, 0, '2013-05-16 09:53:58', '2013-05-17 07:01:39', 1, '张利兵', '83591610'),
(14, 3, 6, '汕头市广大实验学校', 100, 100, 100, 100, 100, 100, 100, 100, 100, 36, 33, 69, 33, 36, 69, 33, 33, 33, 36, 36, 36, 0, 0, 0, 0, 0, 0, 0, 0, '2013-05-16 23:13:40', '2013-05-16 23:26:07', 1, '詹益得', '13502752693'),
(15, 3, 45, '汕头市澄海澄华中学', 320, 320, 320, 320, 320, 320, 320, 320, 320, 190, 100, 290, 100, 190, 290, 100, 100, 100, 190, 190, 190, 0, 0, 0, 0, 0, 0, 0, 0, '2013-05-17 02:13:46', '2013-05-17 02:16:12', 1, '张小瑞', '13612394001'),
(16, 3, 36, '汕头市达濠第二中学', 410, 410, 410, 410, 410, 410, 410, 410, 410, 195, 205, 400, 205, 195, 400, 205, 205, 205, 195, 195, 195, 0, 0, 0, 0, 0, 0, 0, 0, '2013-05-17 03:07:24', '2013-05-17 03:07:43', 1, '黄楚耿', '13178770039'),
(17, 3, 31, '汕头市达濠华侨中学', 1351, 1351, 1351, 1351, 1351, 1351, 1351, 1351, 1351, 567, 751, 1318, 751, 567, 1318, 751, 751, 751, 567, 567, 567, 0, 0, 0, 0, 0, 0, 0, 0, '2013-05-17 03:16:17', '2013-05-17 03:16:38', 1, '黄文秉', '18923980186'),
(18, 3, 67, '潮阳区贵屿中学', 80, 80, 80, 80, 80, 80, 80, 80, 80, 25, NULL, 25, 0, 25, 25, 0, 0, 0, 25, 25, 25, 0, 0, 0, 0, 0, 0, 0, 0, '2013-05-17 05:19:54', '2013-05-17 05:20:22', 1, '郭裕鹏', '13539695278'),
(19, 3, 64, '潮阳区中寨中学', 150, 150, 150, 150, 150, 150, 150, 150, 150, 100, 72, 172, 72, 100, 172, 72, 72, 72, 100, 100, 100, 0, 0, 0, 0, 0, 0, 0, 0, '2013-05-17 06:19:16', '2013-05-17 06:19:41', 1, '马庆升', '13415118808'),
(20, 3, 65, '潮阳区铜盂中学', 155, 155, 155, 155, 155, 155, 155, 155, 155, 40, 25, 65, 25, 40, 65, 25, 25, 25, 40, 40, 40, 0, 0, 0, 0, 0, 0, 0, 0, '2013-05-17 07:00:01', '2013-05-17 07:00:15', 1, '赵晓君', '13592814154'),
(21, 3, 14, '汕头市渔洲中学', 330, 330, 330, 330, 330, 330, 330, 330, 330, 240, 120, 360, 120, 240, 360, 120, 120, 120, 240, 240, 240, 0, 0, 0, 0, 0, 0, 0, 0, '2013-05-17 08:11:32', '2013-05-17 08:12:20', 1, '倪隆金', '88339887'),
(22, 3, 70, '潮阳实验学校', 1143, 1143, 1143, 828, 828, 828, 315, 315, 315, 256, 740, 996, 740, 256, 996, 740, 740, 740, 256, 256, 256, 0, 0, 0, 0, 0, 0, 0, 0, '2013-05-18 00:08:25', '2013-05-18 00:08:38', 1, '张仕平', '88722265'),
(23, 3, 73, '汕头市潮师高级中学', 1050, 1050, 1050, 1050, 1050, 1050, 1050, 1050, 1050, 360, 696, 1056, 696, 360, 1056, 696, 696, 696, 360, 360, 360, 0, 0, 0, 0, 0, 0, 0, 0, '2013-05-18 01:02:02', '2013-05-18 01:02:33', 1, '黄梅洁', '15913929284'),
(24, 3, 48, '汕头市澄海苏湾中学', 210, 210, 210, 210, 210, 210, 210, 210, 210, 170, 90, 260, 90, 170, 260, 90, 90, 90, 170, 170, 170, 0, 0, 0, 0, 0, 0, 0, 0, '2013-05-18 01:41:09', '2013-05-18 01:43:13', 1, '余泽雄', '13729253262'),
(25, 3, 59, '潮阳区西胪中学', 170, 170, 170, 170, 170, 170, 170, 170, 170, 71, 58, 129, 58, 71, 129, 58, 58, 58, 71, 71, 71, 0, 0, 0, 0, 0, 0, 0, 0, '2013-05-18 05:50:55', '2013-05-18 05:51:01', 1, '吴定忠', '13556461536'),
(26, 3, 60, '潮阳区城南中学', 700, 700, 700, 700, 700, 700, 700, 700, 700, 545, 70, 615, 70, 545, 615, 70, 70, 70, 545, 545, 545, 0, 0, 0, 0, 0, 0, 0, 0, '2013-05-18 07:27:17', '2013-05-18 07:28:28', 1, '陈楷茂', '13531178198'),
(27, 3, 79, '潮南区峡晖中学', 1050, 1050, 1050, 1050, 1050, 1050, 1050, 1050, 1050, 330, 470, 800, 470, 330, 800, 470, 470, 470, 330, 330, 330, 0, 0, 0, 0, 0, 0, 0, 0, '2013-05-19 06:23:58', '2013-05-19 06:24:36', 1, '胡命凯', '0754-87901547'),
(28, 3, 20, '汕头市第二中学', 935, 935, 935, 935, 935, 935, 935, 935, 935, 429, 510, 939, 510, 429, 939, 510, 510, 510, 429, 429, 429, 0, 0, 0, 0, 0, 0, 0, 0, '2013-05-20 00:35:02', '2013-05-20 00:36:11', 1, '陈伟浩', '88272229'),
(29, 3, 54, '潮阳区棉城中学', 629, 629, 629, 629, 629, 629, 629, 629, 629, 213, 253, 466, 253, 213, 466, 253, 253, 253, 213, 213, 213, 0, 0, 0, 0, 0, 0, 0, 0, '2013-05-20 00:46:16', '2013-05-20 01:09:15', 1, '张如城', '13539662274'),
(30, 3, 2, '广东汕头华侨中学', 930, 930, 930, 930, 930, 930, 930, 930, 930, 372, 521, 893, 521, 372, 893, 521, 521, 521, 372, 372, 372, 0, 0, 0, 0, 0, 0, 0, 0, '2013-05-20 00:59:37', '2013-05-20 01:03:34', 1, '林泽之', '88625226'),
(31, 3, 28, '汕头市金砂中学', 465, 465, 465, 465, 465, 465, 465, 465, 465, 306, 158, 464, 158, 306, 464, 158, 158, 158, 306, 306, 306, 0, 0, 0, 0, 0, 0, 0, 0, '2013-05-20 01:09:30', '2013-05-20 01:09:58', 1, '吴明得', '88666429'),
(32, 3, 69, '潮阳区金玉中学', 230, 230, 230, 230, 230, 230, 230, 230, 230, 28, NULL, 28, 0, 28, 28, 0, 0, 0, 28, 28, 28, 0, 0, 0, 0, 0, 0, 0, 0, '2013-05-20 01:13:57', '2013-05-20 01:14:17', 1, '刘建通', '13318001015'),
(33, 3, 51, '潮阳第一中学', 1131, 1131, 1131, 880, 880, 880, 251, 251, 251, 296, 916, 1212, 916, 296, 1212, 916, 916, 916, 296, 296, 296, 0, 0, 0, 0, 0, 0, 0, 0, '2013-05-20 01:17:54', '2013-05-20 01:18:08', 1, '吴铭钊', '13729259559'),
(34, 3, 74, '潮阳区金堡中学', 1360, 1360, 1360, 1360, 1360, 1360, 1360, 1360, 1360, 545, 685, 1230, 685, 545, 1230, 685, 685, 685, 545, 545, 545, 0, 0, 0, 0, 0, 0, 0, 0, '2013-05-20 01:24:57', '2013-05-20 01:32:25', 1, '卢春泉', '13727671669'),
(35, 3, 42, '汕头市澄海东里中学', 662, 662, 662, 662, 662, 662, 662, 662, 662, 400, 230, 630, 230, 400, 630, 230, 230, 230, 400, 400, 400, 0, 0, 0, 0, 0, 0, 0, 0, '2013-05-20 02:01:46', '2013-05-20 02:02:18', 1, '涂喜忠', '85751804'),
(36, 3, 87, '汕头市潮南区仙城中学', 244, 244, 244, 244, 244, 244, 244, 244, 244, 80, 42, 122, 42, 80, 122, 42, 42, 42, 80, 80, 80, 0, 0, 0, 0, 0, 0, 0, 0, '2013-05-20 02:26:31', '2013-05-20 02:27:11', 1, '汪新建', '15916636795'),
(37, 3, 33, '汕头市礐石中学', 181, 181, 181, 181, 181, 181, 181, 181, 181, 146, 64, 210, 64, 146, 210, 64, 64, 64, 146, 146, 146, 0, 0, 0, 0, 0, 0, 0, 0, '2013-05-20 03:03:56', '2013-05-20 03:04:49', 1, '李海康', '13556393305'),
(38, 3, 8, '汕头市金山中学', 1276, 1276, 1276, 991, 991, 991, 285, 285, 285, 286, 931, 1217, 931, 286, 1217, 931, 931, 931, 286, 286, 286, 0, 0, 0, 0, 0, 0, 0, 0, '2013-05-20 03:14:38', '2013-05-25 00:33:24', 1, '林亮', '87490191'),
(39, 3, 71, '潮阳恩溢学校', 99, 99, 99, 99, 99, 99, 99, 99, 99, 35, 65, 100, 65, 35, 100, 65, 65, 65, 35, 35, 35, 0, 0, 0, 0, 0, 0, 0, 0, '2013-05-20 03:35:13', '2013-05-20 03:42:54', 1, '白积江', '13623061364'),
(40, 3, 95, '汕头聿怀实验学校', 200, 200, 200, 200, 200, 200, 200, 200, 200, NULL, NULL, 0, 0, 0, 0, 0, 0, 0, 0, 0, 0, 0, 0, 0, 0, 0, 0, 0, 0, '2013-05-20 06:37:09', '2013-05-20 06:38:16', 1, '罗苹', '88394300'),
(41, 3, 43, '汕头市澄海凤翔中学', 355, 355, 355, 355, 355, 355, 355, 355, 355, 175, 75, 250, 75, 175, 250, 75, 75, 75, 175, 175, 175, 0, 0, 0, 0, 0, 0, 0, 0, '2013-05-20 06:50:57', '2013-05-20 06:51:16', 1, '林喜藩', '0754-85874125'),
(42, 3, 24, '汕头市十一中学', 451, 451, 451, 451, 451, 451, 451, 451, 451, 255, 161, 416, 161, 255, 416, 161, 161, 161, 255, 255, 255, 0, 0, 0, 0, 0, 0, 0, 0, '2013-05-20 07:41:28', '2013-05-20 07:42:42', 1, '方武强', '88109783'),
(43, 3, 32, '汕头市河浦中学', 824, 824, 824, 824, 824, 824, 824, 824, 824, 399, 530, 929, 530, 399, 929, 530, 530, 530, 399, 399, 399, 0, 0, 0, 0, 0, 0, 0, 0, '2013-05-20 07:55:52', '2013-05-20 07:55:58', 1, '张毓斌', '13546826859'),
(44, 3, 35, '汕头市达濠中学', 440, 440, 440, 440, 440, 440, 440, 440, 440, 146, 185, 331, 185, 146, 331, 185, 185, 185, 146, 146, 146, 0, 0, 0, 0, 0, 0, 0, 0, '2013-05-20 08:11:01', '2013-05-20 08:16:55', 1, '周奕珊', '13546838708'),
(45, 3, 91, '汕头市实验学校', 580, 580, 580, 580, 580, 580, 580, 580, 580, 266, 225, 491, 225, 266, 491, 225, 225, 225, 266, 266, 266, 0, 0, 0, 0, 0, 0, 0, 0, '2013-05-20 08:11:04', '2013-05-20 08:12:48', 1, '李秀琴', '13923989317'),
(46, 3, 37, '汕头市澄海中学', 1246, 1246, 1246, 1246, 1246, 1246, 1246, 1246, 1246, 412, 833, 1245, 833, 412, 1245, 833, 833, 833, 412, 412, 412, 0, 0, 0, 0, 0, 0, 0, 0, '2013-05-20 08:40:30', '2013-05-21 00:57:22', 1, '王伟鹏', '13715975852'),
(47, 3, 3, '汕头市纺织服装职业技术学校', 0, 0, 0, 0, 0, 0, 0, 0, 0, 45, 0, 45, 0, 45, 45, 0, 0, 0, 45, 45, 45, 0, 0, 0, 0, 0, 0, 0, 0, '2013-05-20 09:12:18', '2013-05-21 02:59:17', 1, '严雄文', '13670499176'),
(48, 3, 22, '汕头市东厦中学', 1180, 1180, 1180, 1180, 1180, 1180, 1180, 1180, 1180, 625, 630, 1255, 630, 625, 1255, 630, 630, 630, 625, 625, 625, 0, 0, 0, 0, 0, 0, 0, 0, '2013-05-20 09:21:52', '2013-05-20 09:25:28', 1, '赖晓青', '13692053055'),
(49, 3, 72, '潮阳区新世界中英文学校', 410, 410, 410, 410, 410, 410, 410, 410, 410, 105, 210, 315, 210, 105, 315, 210, 210, 210, 105, 105, 105, 0, 0, 0, 0, 0, 0, 0, 0, '2013-05-20 09:32:14', '2013-05-20 09:32:37', 1, '周长永', '13682796114'),
(50, 3, 19, '汕头市聿怀中学', 1352, 1352, 1352, 1347, 1347, 1347, 1347, 1347, 1347, 601, 743, 1344, 743, 601, 1344, 743, 743, 743, 601, 601, 601, 0, 0, 0, 0, 0, 0, 0, 0, '2013-05-21 00:53:23', '2013-05-21 00:54:41', 1, '林晓博', '88569684'),
(51, 3, 82, '汕头市潮南区砺青中学', 1043, 1043, 1043, 1043, 1043, 1043, 1043, 1043, 1043, 282, 552, 834, 552, 282, 834, 552, 552, 552, 282, 282, 282, 0, 0, 0, 0, 0, 0, 0, 0, '2013-05-21 01:08:02', '2013-05-21 01:08:23', 1, '翁宗琪', '13542891606'),
(52, 3, 46, '汕头市澄海莱芜中学', 210, 210, 210, 210, 210, 210, 210, 210, 210, 164, 55, 219, 55, 164, 219, 55, 55, 55, 164, 164, 164, 0, 0, 0, 0, 0, 0, 0, 0, '2013-05-21 01:24:19', '2013-05-21 01:24:24', 1, '陈家书', '18924751055'),
(53, 3, 84, '潮南区司马浦中学', 725, 725, 725, 725, 725, 725, 725, 725, 725, 284, 253, 537, 253, 284, 537, 253, 253, 253, 284, 284, 284, 0, 0, 0, 0, 0, 0, 0, 0, '2013-05-21 01:50:28', '2013-05-21 01:51:14', 1, '连家兴', '13719929275'),
(54, 3, 90, '南澳县南澳中学', 557, 557, 557, 557, 557, 557, 557, 557, 557, 304, 336, 640, 336, 304, 640, 336, 336, 336, 304, 304, 304, 0, 0, 0, 0, 0, 0, 0, 0, '2013-05-21 02:08:24', '2013-05-21 02:08:33', 1, '徐伟奇', '18929653109'),
(55, 3, 55, '潮阳区城郊中学', 782, 782, 782, 782, 782, 782, 782, 782, 782, 363, 405, 768, 405, 363, 768, 405, 405, 405, 363, 363, 363, 0, 0, 0, 0, 0, 0, 0, 0, '2013-05-21 02:09:21', '2013-05-21 02:10:20', 1, '黄丽霞', '13670313828'),
(56, 3, 63, '潮阳区棉光中学', 490, 490, 490, 490, 490, 490, 490, 490, 490, 274, 142, 416, 142, 274, 416, 142, 142, 142, 274, 274, 274, 0, 0, 0, 0, 0, 0, 0, 0, '2013-05-21 02:16:32', '2013-05-21 02:17:00', 1, '陈佳楠', '13750434792'),
(57, 3, 26, '汕头市鮀浦中学', 670, 670, 670, 670, 670, 670, 670, 670, 670, 334, 348, 682, 348, 334, 682, 348, 348, 348, 334, 334, 334, 0, 0, 0, 0, 0, 0, 0, 0, '2013-05-21 02:41:26', '2013-05-21 02:42:38', 1, '林德城', '13670418527'),
(58, 3, 21, '汕头市第四中学', 513, 513, 513, 513, 513, 513, 513, 513, 513, 247, 244, 491, 244, 247, 491, 244, 244, 244, 247, 247, 247, 0, 0, 0, 0, 0, 0, 0, 0, '2013-05-21 02:47:31', '2013-05-21 02:47:49', 1, '陈晓霞', '88524354'),
(59, 3, 83, '潮南区陈店中学', 485, 485, 485, 485, 485, 485, 485, 485, 485, 155, 135, 290, 135, 155, 290, 135, 135, 135, 155, 155, 155, 0, 0, 0, 0, 0, 0, 0, 0, '2013-05-21 03:51:36', '2013-05-21 03:51:56', 1, '曾和石', '15816615415'),
(60, 3, 56, '潮阳区南侨中学', 810, 810, 810, 810, 810, 810, 810, 810, 810, 215, 270, 485, 270, 215, 485, 270, 270, 270, 215, 215, 215, 0, 0, 0, 0, 0, 0, 0, 0, '2013-05-21 06:48:53', '2013-05-21 07:01:55', 1, '吴泽武', '15918949057'),
(61, 3, 29, '汕头市天竺中学', 440, 440, 440, 440, 440, 440, 440, 440, 440, 318, 87, 405, 87, 318, 405, 87, 87, 87, 318, 318, 318, 0, 0, 0, 0, 0, 0, 0, 0, '2013-05-21 07:12:42', '2013-05-21 07:15:25', 1, '林瑶芳', '83965388'),
(62, 3, 52, '潮阳林百欣中学', 980, 980, 980, 980, 980, 980, 980, 980, 980, 280, 740, 1020, 740, 280, 1020, 740, 740, 740, 280, 280, 280, 0, 0, 0, 0, 0, 0, 0, 0, '2013-05-21 07:23:00', '2013-05-21 07:23:45', 1, '古长松', '83838420,  13692061199'),
(63, 3, 62, '潮阳区海门中学', 220, 220, 220, 220, 220, 220, 220, 220, 220, 115, 63, 178, 63, 115, 178, 63, 63, 63, 115, 115, 115, 0, 0, 0, 0, 0, 0, 0, 0, '2013-05-21 07:44:56', '2013-05-21 07:45:01', 1, '林春强', '13692006536'),
(64, 3, 53, '潮阳黄图盛中学', 1257, 1257, 1257, 1257, 1257, 1257, 1257, 1257, 1257, 494, 738, 1232, 738, 494, 1232, 738, 738, 738, 494, 494, 494, 0, 0, 0, 0, 0, 0, 0, 0, '2013-05-21 08:04:01', '2013-05-21 08:51:28', 1, '陈延锋', '13415187976'),
(65, 3, 30, '汕头市金禧中学', 562, 562, 562, 562, 562, 562, 562, 562, 562, 358, 245, 603, 245, 358, 603, 245, 245, 245, 358, 358, 358, 0, 0, 0, 0, 0, 0, 0, 0, '2013-05-22 00:23:00', '2013-05-22 01:30:06', 1, '佘健源', '13592833848'),
(66, 3, 93, '汕头市东方中学', 240, 240, 240, 240, 240, 240, 240, 240, 240, 130, 126, 256, 126, 130, 256, 126, 126, 126, 130, 130, 130, 0, 0, 0, 0, 0, 0, 0, 0, '2013-05-22 00:29:53', '2013-05-22 00:33:17', 1, '欧振生', '18823931467'),
(67, 3, 40, '汕头市澄海实验高级中学', 1249, 1249, 1249, 1249, 1249, 1249, 1249, 1249, 1249, 555, 780, 1335, 780, 555, 1335, 780, 780, 780, 555, 555, 555, 0, 0, 0, 0, 0, 0, 0, 0, '2013-05-22 01:05:07', '2013-05-22 01:05:36', 1, '黄岳丰', '85889371'),
(68, 3, 85, '潮南区井都中学', 350, 350, 350, 350, 350, 350, 350, 350, 350, 125, 115, 240, 115, 125, 240, 115, 115, 115, 125, 125, 125, 0, 0, 0, 0, 0, 0, 0, 0, '2013-05-22 01:08:35', '2013-05-22 01:09:39', 1, '周修宏', '13542802677'),
(69, 3, 81, '汕头市潮南区两英中学', 1340, 1340, 1340, 1340, 1340, 1340, 1340, 1340, 1340, 511, 615, 1126, 615, 511, 1126, 615, 615, 615, 511, 511, 511, 0, 0, 0, 0, 0, 0, 0, 0, '2013-05-22 01:29:03', '2013-05-22 01:29:27', 1, '姚耿标', '13556445024'),
(70, 3, 57, '潮阳区谷饶中学', 750, 750, 750, 750, 750, 750, 750, 750, 750, 190, 340, 530, 340, 190, 530, 340, 340, 340, 190, 190, 190, 0, 0, 0, 0, 0, 0, 0, 0, '2013-05-22 01:37:01', '2013-05-22 01:38:24', 1, '张盛旭', '13502495509'),
(71, 3, 61, '潮阳区棉北中学', 530, 530, 530, 530, 530, 530, 530, 530, 530, 206, 98, 304, 98, 206, 304, 98, 98, 98, 206, 206, 206, 0, 0, 0, 0, 0, 0, 0, 0, '2013-05-22 02:14:07', '2013-05-22 02:15:17', 1, '刘松欣', '13542818176'),
(72, 3, 58, '潮阳第四中学', 830, 830, 830, 830, 830, 830, 830, 830, 830, 274, 353, 627, 353, 274, 627, 353, 353, 353, 274, 274, 274, 0, 0, 0, 0, 0, 0, 0, 0, '2013-05-22 02:45:27', '2013-05-22 02:46:12', 1, '林从茂', '15815523681'),
(73, 3, 16, '汕头市新溪第一中学', 485, 485, 485, 485, 485, 485, 485, 485, 485, 240, 124, 364, 124, 240, 364, 124, 124, 124, 240, 240, 240, 0, 0, 0, 0, 0, 0, 0, 0, '2013-05-22 06:08:38', '2013-05-22 06:08:47', 1, '沈树彬', '13715873835'),
(74, 3, 78, '汕头市六都中学', 1350, 1350, 1350, 1350, 1350, 1350, 1350, 1350, 1350, 370, 970, 1340, 970, 370, 1340, 970, 970, 970, 370, 370, 370, 0, 0, 0, 0, 0, 0, 0, 0, '2013-05-22 07:50:53', '2013-05-22 07:51:08', 1, '黄佩燕', '13923966533'),
(75, 3, 13, '汕头市丹阳中学', 360, 360, 360, 360, 360, 360, 360, 360, 360, 275, 125, 400, 125, 275, 400, 125, 125, 125, 275, 275, 275, 0, 0, 0, 0, 0, 0, 0, 0, '2013-05-22 07:58:32', '2013-05-22 08:00:24', 1, '林树莹', '88842456'),
(76, 3, 77, '潮阳区西凤中学', 261, 261, 261, 261, 261, 261, 261, 261, 261, 109, 76, 185, 76, 109, 185, 76, 76, 76, 109, 109, 109, 0, 0, 0, 0, 0, 0, 0, 0, '2013-05-22 08:47:52', '2013-05-22 08:48:15', 1, '林小军', '15816716819'),
(77, 3, 39, '汕头市澄海华侨中学', 910, 910, 910, 910, 910, 910, 910, 910, 910, 663, 447, 1110, 447, 663, 1110, 447, 447, 447, 663, 663, 663, 0, 0, 0, 0, 0, 0, 0, 0, '2013-05-23 01:13:11', '2013-05-23 01:14:16', 1, '林菡', '83235009'),
(78, 3, 41, '汕头市澄海莲阳中学', 512, 512, 512, 512, 512, 512, 512, 512, 512, 291, 158, 449, 158, 291, 449, 158, 158, 158, 291, 291, 291, 0, 0, 0, 0, 0, 0, 0, 0, '2013-05-23 01:50:43', '2013-05-23 02:10:53', 1, '王建彬', '85171109'),
(79, 3, 1, '汕头市第一中学（老校区）', 635, 635, 635, 630, 630, 630, 630, 630, 630, 180, 450, 630, 450, 180, 630, 450, 450, 450, 180, 180, 180, 0, 0, 0, 0, 0, 0, 0, 0, '2013-05-23 02:15:57', '2013-05-23 02:18:26', 1, '李奇武', '88701193'),
(80, 3, 10, '汕头经济特区林百欣中学', 706, 706, 706, 706, 706, 706, 706, 706, 706, 382, 413, 795, 413, 382, 795, 413, 413, 413, 382, 382, 382, 0, 0, 0, 0, 0, 0, 0, 0, '2013-05-23 02:17:33', '2013-05-23 02:23:53', 1, '刘永安', '88892803'),
(81, 3, 96, '汕头市第一中学（新校区）', 1250, 1250, 1250, 1245, 1245, 1245, 1245, 1245, 1245, 356, 766, 1122, 766, 356, 1122, 766, 766, 766, 356, 356, 356, 0, 0, 0, 0, 0, 0, 0, 0, '2013-05-23 02:21:56', '2013-05-23 02:22:13', 1, '李奇武', '88701193'),
(82, 3, 18, '汕头市联侨中学', 70, 70, 70, 70, 70, 70, 70, 70, 70, 30, 40, 70, 40, 30, 70, 40, 40, 40, 30, 30, 30, 0, 0, 0, 0, 0, 0, 0, 0, '2013-05-23 02:38:08', '2013-05-23 02:38:32', 1, '章南燕', '13556393253'),
(83, 3, 15, '汕头市谢易初中学', 480, 480, 480, 480, 480, 480, 480, 480, 480, 240, 165, 405, 165, 240, 405, 165, 165, 165, 240, 240, 240, 0, 0, 0, 0, 0, 0, 0, 0, '2013-05-23 02:49:13', '2013-05-23 02:49:59', 1, '杨振远', '15994924018'),
(84, 3, 27, '汕头市岐山中学', 162, 162, 162, 162, 162, 162, 162, 162, 162, 172, 51, 223, 51, 172, 223, 51, 51, 51, 172, 172, 172, 0, 0, 0, 0, 0, 0, 0, 0, '2013-05-23 06:39:28', '2013-05-23 06:39:52', 1, '陈惠安', '13502969289'),
(85, 3, 17, '广东第二师范学院龙湖附属中学', 320, 320, 320, 320, 320, 320, 320, 320, 320, 190, 100, 290, 100, 190, 290, 100, 100, 100, 190, 190, 190, 0, 0, 0, 0, 0, 0, 0, 0, '2013-05-23 07:00:41', '2013-05-23 07:01:41', 1, '朱文合', '15338236498'),
(86, 3, 86, '汕头市潮南区胪溪中学', 578, 578, 578, 578, 578, 578, 578, 578, 578, 254, 163, 417, 163, 254, 417, 163, 163, 163, 254, 254, 254, 0, 0, 0, 0, 0, 0, 0, 0, '2013-05-24 01:12:07', '2013-05-24 01:12:28', 1, '吕仕豪', '13425319868'),
(87, 3, 97, '汕头市潮南区田心中学', 228, 228, 228, 228, 228, 228, 228, 228, 228, NULL, NULL, 0, 0, 0, 0, 0, 0, 0, 0, 0, 0, 0, 0, 0, 0, 0, 0, 0, 0, '2013-05-24 01:57:23', '2013-05-24 01:57:40', 1, '陈焕杰', '13542805860'),
(88, 3, 80, '潮南区晓升中学', 950, 950, 950, 950, 950, 950, 950, 950, 950, 335, 460, 795, 460, 335, 795, 460, 460, 460, 335, 335, 335, 0, 0, 0, 0, 0, 0, 0, 0, '2013-05-24 02:47:00', '2013-05-24 02:47:57', 1, '詹少宾', '13729215110'),
(89, 3, 92, '潮南实验学校', 470, 470, 470, 470, 470, 470, 470, 470, 470, 135, 235, 370, 235, 135, 370, 235, 235, 235, 135, 135, 135, 0, 0, 0, 0, 0, 0, 0, 0, '2013-05-24 03:11:54', '2013-05-24 03:20:30', 1, '田友青', '13715868573'),
(90, 3, 75, '潮阳一中明光学校', 694, 694, 694, 694, 694, 694, 694, 694, 694, 253, 327, 580, 327, 253, 580, 327, 327, 327, 253, 253, 253, 0, 0, 0, 0, 0, 0, 0, 0, '2013-05-24 04:24:16', '2013-05-24 04:24:25', 1, '许吟裕', '13536940388'),
(91, 3, 94, '潮南新发中英文学校', 40, 40, 40, 40, 40, 40, 40, 40, 40, 12, 20, 32, 20, 12, 32, 20, 20, 20, 12, 12, 12, 0, 0, 0, 0, 0, 0, 0, 0, '2013-05-24 06:28:17', '2013-05-24 06:30:07', 1, '戴轲', '18946983685'),
(92, 3, 66, '潮阳区后溪中学', 520, 520, 520, 520, 520, 520, 520, 520, 520, 310, 200, 510, 200, 310, 510, 200, 200, 200, 310, 310, 310, 0, 0, 0, 0, 0, 0, 0, 0, '2013-05-27 07:11:46', '2013-05-27 07:12:12', 1, '张辉承', '13502782978'),
(93, 3, 68, '潮阳区河溪中学', 620, 620, 620, 620, 620, 620, 620, 620, 620, 140, 350, 490, 350, 140, 490, 350, 350, 350, 140, 140, 140, 0, 0, 0, 0, 0, 0, 0, 0, '2013-05-28 01:07:48', '2013-05-28 01:08:22', 1, '许利波', '15014322143'),
(94, 3, 7, '汕头市粤东明德学校', 25, 25, 25, 25, 25, 25, 25, 25, 25, NULL, NULL, 0, 0, 0, 0, 0, 0, 0, 0, 0, 0, 0, 0, 0, 0, 0, 0, 0, 0, '2013-05-28 01:27:58', '2013-05-28 01:28:05', 1, '郑康霖', '13809844989'),
(95, 3, 23, '汕头市第六中学', 354, 354, 354, 354, 354, 354, 354, 354, 354, 229, 123, 352, 123, 229, 352, 123, 123, 123, 229, 229, 229, 0, 0, 0, 0, 0, 0, 0, 0, '2013-05-28 02:34:33', '2013-05-28 02:35:26', 1, '许婵珍', '88975474'),
(96, 3, 25, '汕头市十二中学', 370, 370, 370, 370, 370, 370, 370, 370, 370, 200, 190, 390, 190, 200, 390, 190, 190, 190, 200, 200, 200, 0, 0, 0, 0, 0, 0, 0, 0, '2013-05-28 02:41:37', '2013-05-28 02:43:18', 1, '林映忠', '13750487819');

--
-- 转存表中的数据 `paper_orders`
--

INSERT INTO `paper_orders` (`id`, `name`, `item_type`, `state`, `created_at`, `updated_at`) VALUES
(3, '2013年非毕业班', 1, 1, '2013-04-26 03:23:44', '2013-04-26 03:23:44');

--
-- 转存表中的数据 `qxes`
--

INSERT INTO `qxes` (`id`, `code`, `name`, `created_at`, `updated_at`) VALUES
(1, '501', '市直属 ', '2012-06-15 02:21:10', '2012-06-15 02:21:10'),
(2, '507', '龙湖区 ', '2012-06-15 02:21:22', '2012-06-15 02:21:22'),
(3, '511', '金平区 ', '2012-06-15 02:21:36', '2012-06-15 02:21:36'),
(4, '512', '濠江区', '2012-06-15 02:21:52', '2012-06-15 02:21:58'),
(5, '515', '澄海区 ', '2012-06-15 02:22:27', '2012-06-15 02:22:27'),
(6, '513', '潮阳区 ', '2012-06-15 02:22:40', '2012-06-15 02:22:40'),
(7, '514', '潮南区 ', '2012-06-15 02:22:55', '2012-06-15 02:22:55'),
(8, '523', '南澳县 ', '2012-06-15 02:23:07', '2012-06-15 02:23:07');

--
-- 转存表中的数据 `schema_migrations`
--

INSERT INTO `schema_migrations` (`version`) VALUES
('20120525071200'),
('20120525073101'),
('20120529065702'),
('20120529070936'),
('20120529080707'),
('20120531035037'),
('20120619013847'),
('20121025071007'),
('20130327030142'),
('20130328034707'),
('20130411080639'),
('20130418084257');

--
-- 转存表中的数据 `schools`
--

INSERT INTO `schools` (`id`, `code`, `name`, `qx_id`, `created_at`, `updated_at`) VALUES
(1, '501001', '汕头市第一中学（老校区）', 1, '2012-06-15 02:26:20', '2013-05-23 02:01:37'),
(2, '501003', '广东汕头华侨中学', 1, '2012-06-15 02:26:20', '2012-06-15 02:26:20'),
(3, '501004', '汕头市纺织服装职业技术学校', 1, '2012-06-15 02:26:20', '2012-06-15 02:26:20'),
(6, '501019', '汕头市广大实验学校', 1, '2012-06-15 02:26:20', '2012-06-15 02:26:20'),
(7, '501020', '汕头市粤东明德学校', 1, '2012-06-15 02:26:20', '2012-06-15 02:26:20'),
(8, '512018', '汕头市金山中学', 1, '2012-06-15 02:26:20', '2012-06-15 02:26:20'),
(9, '512019', '汕头市金山中学南区学校', 1, '2012-06-15 02:26:20', '2012-06-15 02:26:20'),
(10, '507001', '汕头经济特区林百欣中学', 2, '2012-06-15 02:26:20', '2012-06-15 02:26:20'),
(11, '507002', '汕头市下蓬中学', 2, '2012-06-15 02:26:20', '2012-06-15 02:26:20'),
(12, '507003', '汕头市翠英中学', 2, '2012-06-15 02:26:20', '2012-06-15 02:26:20'),
(13, '507004', '汕头市丹阳中学', 2, '2012-06-15 02:26:20', '2012-06-15 02:26:20'),
(14, '507005', '汕头市渔洲中学', 2, '2012-06-15 02:26:20', '2012-06-15 02:26:20'),
(15, '507006', '汕头市谢易初中学', 2, '2012-06-15 02:26:20', '2012-06-15 02:26:20'),
(16, '507007', '汕头市新溪第一中学', 2, '2012-06-15 02:26:20', '2012-06-15 02:26:20'),
(17, '507008', '广东第二师范学院龙湖附属中学', 2, '2012-06-15 02:26:20', '2013-05-22 07:52:16'),
(18, '507009', '汕头市联侨中学', 2, '2012-06-15 02:26:20', '2012-06-15 02:26:20'),
(19, '511001', '汕头市聿怀中学', 3, '2012-06-15 02:26:20', '2012-06-15 02:26:20'),
(20, '511002', '汕头市第二中学', 3, '2012-06-15 02:26:20', '2012-06-15 02:26:20'),
(21, '511003', '汕头市第四中学', 3, '2012-06-15 02:26:20', '2012-06-15 02:26:20'),
(22, '511004', '汕头市东厦中学', 3, '2012-06-15 02:26:20', '2012-06-15 02:26:20'),
(23, '511005', '汕头市第六中学', 3, '2012-06-15 02:26:20', '2012-06-15 02:26:20'),
(24, '511006', '汕头市十一中学', 3, '2012-06-15 02:26:20', '2012-06-15 02:26:20'),
(25, '511007', '汕头市十二中学', 3, '2012-06-15 02:26:20', '2012-06-15 02:26:20'),
(26, '511008', '汕头市鮀浦中学', 3, '2012-06-15 02:26:20', '2012-06-15 02:26:20'),
(27, '511009', '汕头市岐山中学', 3, '2012-06-15 02:26:20', '2012-06-15 02:26:20'),
(28, '511010', '汕头市金砂中学', 3, '2012-06-15 02:26:20', '2012-06-15 02:26:20'),
(29, '511012', '汕头市天竺中学', 3, '2012-06-15 02:26:20', '2012-06-15 02:26:20'),
(30, '511013', '汕头市金禧中学', 3, '2012-06-15 02:26:20', '2012-06-15 02:26:20'),
(31, '512001', '汕头市达濠华侨中学', 4, '2012-06-15 02:26:20', '2012-06-15 02:26:20'),
(32, '512002', '汕头市河浦中学', 4, '2012-06-15 02:26:20', '2012-06-15 02:26:20'),
(33, '512003', '汕头市礐石中学', 4, '2012-06-15 02:26:20', '2012-06-15 02:26:20'),
(34, '512004', '汕头市广澳中学', 4, '2012-06-15 02:26:20', '2012-06-15 02:26:20'),
(35, '512005', '汕头市达濠中学', 4, '2012-06-15 02:26:20', '2012-06-15 02:26:20'),
(36, '512007', '汕头市达濠第二中学', 4, '2012-06-15 02:26:20', '2012-06-15 02:26:20'),
(37, '515001', '汕头市澄海中学', 5, '2012-06-15 02:26:20', '2012-06-15 02:26:20'),
(38, '515002', '汕头市澄海苏北中学', 5, '2012-06-15 02:26:20', '2012-06-15 02:26:20'),
(39, '515003', '汕头市澄海华侨中学', 5, '2012-06-15 02:26:20', '2012-06-15 02:26:20'),
(40, '515004', '汕头市澄海实验高级中学', 5, '2012-06-15 02:26:20', '2012-06-15 02:26:20'),
(41, '515005', '汕头市澄海莲阳中学', 5, '2012-06-15 02:26:20', '2012-06-15 02:26:20'),
(42, '515006', '汕头市澄海东里中学', 5, '2012-06-15 02:26:20', '2012-06-15 02:26:20'),
(43, '515007', '汕头市澄海凤翔中学', 5, '2012-06-15 02:26:20', '2012-06-15 02:26:20'),
(44, '515008', '汕头市澄海汇璟中学', 5, '2012-06-15 02:26:20', '2012-06-15 02:26:20'),
(45, '515009', '汕头市澄海澄华中学', 5, '2012-06-15 02:26:20', '2012-06-15 02:26:20'),
(46, '515010', '汕头市澄海莱芜中学', 5, '2012-06-15 02:26:20', '2012-06-15 02:26:20'),
(47, '515011', '汕头市澄海隆都中学', 5, '2012-06-15 02:26:20', '2012-06-15 02:26:20'),
(48, '515012', '汕头市澄海苏湾中学', 5, '2012-06-15 02:26:20', '2012-06-15 02:26:20'),
(49, '515013', '汕头市澄海溪南中学', 5, '2012-06-15 02:26:20', '2012-06-15 02:26:20'),
(50, '515014', '汕头市澄海盐鸿中学', 5, '2012-06-15 02:26:20', '2012-06-15 02:26:20'),
(51, '513001', '潮阳第一中学', 6, '2012-06-15 02:26:20', '2012-06-15 02:26:20'),
(52, '513002', '潮阳林百欣中学', 6, '2012-06-15 02:26:20', '2012-06-15 02:26:20'),
(53, '513003', '潮阳黄图盛中学', 6, '2012-06-15 02:26:20', '2012-06-15 02:26:20'),
(54, '513005', '潮阳区棉城中学', 6, '2012-06-15 02:26:20', '2012-06-15 02:26:20'),
(55, '513006', '潮阳区城郊中学', 6, '2012-06-15 02:26:20', '2012-06-15 02:26:20'),
(56, '513007', '潮阳区南侨中学', 6, '2012-06-15 02:26:20', '2012-06-15 02:26:20'),
(57, '513008', '潮阳区谷饶中学', 6, '2012-06-15 02:26:20', '2012-06-15 02:26:20'),
(58, '513009', '潮阳第四中学', 6, '2012-06-15 02:26:20', '2012-06-15 02:26:20'),
(59, '513010', '潮阳区西胪中学', 6, '2012-06-15 02:26:20', '2012-06-15 02:26:20'),
(60, '513011', '潮阳区城南中学', 6, '2012-06-15 02:26:20', '2012-06-15 02:26:20'),
(61, '513012', '潮阳区棉北中学', 6, '2012-06-15 02:26:20', '2012-06-15 02:26:20'),
(62, '513013', '潮阳区海门中学', 6, '2012-06-15 02:26:20', '2012-06-15 02:26:20'),
(63, '513014', '潮阳区棉光中学', 6, '2012-06-15 02:26:20', '2012-06-15 02:26:20'),
(64, '513016', '潮阳区中寨中学', 6, '2012-06-15 02:26:20', '2012-06-15 02:26:20'),
(65, '513017', '潮阳区铜盂中学', 6, '2012-06-15 02:26:20', '2012-06-15 02:26:20'),
(66, '513020', '潮阳区后溪中学', 6, '2012-06-15 02:26:20', '2012-06-15 02:26:20'),
(67, '513039', '潮阳区贵屿中学', 6, '2012-06-15 02:26:20', '2012-06-15 02:26:20'),
(68, '513043', '潮阳区河溪中学', 6, '2012-06-15 02:26:20', '2012-06-15 02:26:20'),
(69, '513059', '潮阳区金玉中学', 6, '2012-06-15 02:26:20', '2012-06-15 02:26:20'),
(70, '513065', '潮阳实验学校', 6, '2012-06-15 02:26:20', '2012-06-15 02:26:20'),
(71, '513066', '潮阳恩溢学校', 6, '2012-06-15 02:26:20', '2012-06-15 02:26:20'),
(72, '513067', '潮阳区新世界中英文学校', 6, '2012-06-15 02:26:20', '2012-06-15 02:26:20'),
(73, '513071', '汕头市潮师高级中学', 6, '2012-06-15 02:26:20', '2012-06-15 02:26:20'),
(74, '513076', '潮阳区金堡中学', 6, '2012-06-15 02:26:20', '2012-06-15 02:26:20'),
(75, '513078', '潮阳一中明光学校', 6, '2012-06-15 02:26:20', '2012-06-15 02:26:20'),
(77, '513086', '潮阳区西凤中学', 6, '2012-06-15 02:26:20', '2012-06-15 02:26:20'),
(78, '514001', '汕头市六都中学', 7, '2012-06-15 02:26:20', '2012-06-15 02:26:20'),
(79, '514002', '潮南区峡晖中学', 7, '2012-06-15 02:26:20', '2012-06-15 02:26:20'),
(80, '514003', '潮南区晓升中学', 7, '2012-06-15 02:26:20', '2012-06-15 02:26:20'),
(81, '514004', '汕头市潮南区两英中学', 7, '2012-06-15 02:26:20', '2012-06-15 02:26:20'),
(82, '514005', '汕头市潮南区砺青中学', 7, '2012-06-15 02:26:20', '2012-06-15 02:26:20'),
(83, '514006', '潮南区陈店中学', 7, '2012-06-15 02:26:20', '2012-06-15 02:26:20'),
(84, '514007', '潮南区司马浦中学', 7, '2012-06-15 02:26:20', '2012-06-15 02:26:20'),
(85, '514008', '潮南区井都中学', 7, '2012-06-15 02:26:20', '2012-06-15 02:26:20'),
(86, '514009', '汕头市潮南区胪溪中学', 7, '2012-06-15 02:26:20', '2012-06-15 02:26:20'),
(87, '514010', '汕头市潮南区仙城中学', 7, '2012-06-15 02:26:20', '2012-06-15 02:26:20'),
(88, '514011', '汕头市潮南区东山中学', 7, '2012-06-15 02:26:20', '2012-06-15 02:26:20'),
(89, '514012', '成田高级中学', 7, '2012-06-15 02:26:20', '2012-06-15 02:26:20'),
(90, '523001', '南澳县南澳中学', 8, '2012-06-15 02:26:20', '2012-06-15 02:26:20'),
(91, '501005', '汕头市实验学校', 1, '2012-06-18 00:45:58', '2012-06-18 00:45:58'),
(92, '514013', '潮南实验学校', 7, '2012-06-19 01:19:01', '2012-06-19 01:19:01'),
(93, '511014', '汕头市东方中学', 3, '2012-06-21 08:57:09', '2012-06-21 08:57:09'),
(94, '514014', '潮南新发中英文学校', 7, '2012-06-21 08:57:53', '2012-06-21 08:57:53'),
(95, '511015', '汕头聿怀实验学校', 3, '2013-01-07 03:49:44', '2013-01-07 03:49:44'),
(96, '501002', '汕头市第一中学（新校区）', 1, '2013-05-23 02:02:13', '2013-05-23 02:02:13'),
(97, '514015', '汕头市潮南区田心中学', 7, '2013-05-23 13:37:38', '2013-05-23 13:37:38');

--
-- 转存表中的数据 `score_files`
--

INSERT INTO `score_files` (`id`, `filename`, `disk_filename`, `filesize`, `content_type`, `digest`, `user_id`, `school_id`, `exam_id`, `confirmed`, `created_at`, `updated_at`, `f_type`) VALUES
(1, '1.xls', '120620145253_1.xls', 166912, 'application/vnd.ms-excel', '5', 2, 1, 1, 0, '2012-06-20 06:52:53', '2012-06-20 06:52:53', NULL),
(2, 'mb.xls', '120621092459_mb.xls', 66048, 'application/vnd.ms-excel', '0', 11, 10, 1, 0, '2012-06-21 01:24:59', '2012-06-21 01:24:59', NULL),
(6, 'mb.xls', '120621102621_mb.xls', 66048, 'application/vnd.ms-excel', '64', 53, 52, 1, 0, '2012-06-21 02:26:21', '2012-06-21 02:26:21', NULL),
(7, 'mb.xls', '120621102629_mb.xls', 66048, 'application/octet-stream', '6', 47, 46, 1, 0, '2012-06-21 02:26:29', '2012-06-21 02:26:29', NULL),
(8, 'mb.xls', '120621102638_mb.xls', 66048, 'application/vnd.ms-excel', '0', 53, 52, 1, 0, '2012-06-21 02:26:38', '2012-06-21 02:26:38', NULL),
(9, 'mb.xls', '120621102936_mb.xls', 73728, 'application/vnd.ms-excel', '669', 23, 22, 1, 0, '2012-06-21 02:26:54', '2012-06-21 09:00:50', NULL),
(10, 'mb.xls', '120621102723_mb.xls', 73728, 'application/vnd.ms-excel', '3', 79, 78, 1, 0, '2012-06-21 02:27:23', '2012-06-21 02:27:23', NULL),
(16, '历史科缺考考生记录表（峡晖中学考场）.xls', '120621141643_ceb8ef95d5a0953bb7fa71a66cfd34db.xls', 95232, 'application/vnd.ms-excel', '0', 80, 79, 1, 0, '2012-06-21 06:16:43', '2012-06-21 06:16:43', NULL),
(17, 'mb.xls', '120626103554_mb.xls', 69120, 'application/vnd.ms-excel', '1817053', 3, 2, 1, 0, '2012-06-26 02:32:03', '2012-07-18 04:07:39', NULL),
(18, 'mb.xls', '120628085452_mb.xls', 58880, 'application/vnd.ms-excel', '72', 93, 92, 1, 1, '2012-06-28 00:54:52', '2012-06-28 00:56:40', NULL),
(19, 'mb.xls', '120628094918_mb.xls', 66048, 'application/vnd.ms-excel', '0', 77, 76, 1, 0, '2012-06-28 01:49:18', '2012-06-28 01:49:18', NULL),
(20, 'mb.xls', '120628100654_mb.xls', 66048, 'application/vnd.ms-excel', '9', 73, 72, 1, 0, '2012-06-28 02:06:54', '2012-06-28 02:06:54', NULL),
(21, 'mb.xls', '120703145734_mb.xls', 66048, 'application/vnd.ms-excel', '298', 59, 58, 1, 0, '2012-07-03 06:57:34', '2012-07-03 06:57:34', NULL),
(22, 'mb.xls', '120705103934_mb.xls', 66048, 'application/vnd.ms-excel', '0', 92, 91, 1, 0, '2012-07-05 02:39:34', '2012-07-05 02:39:34', NULL),
(23, '高中部期末成绩.xls', '120711081322_a526628e6e374de404053f833e5be8a4.xls', 95744, 'application/vnd.ms-excel', '0', 72, 71, 2, 1, '2012-07-11 00:13:22', '2012-07-11 00:16:02', NULL),
(24, 'mb.xls', '120711172937_mb.xls', 59392, 'application/vnd.ms-excel', '846', 103, 94, 2, 1, '2012-07-11 02:10:38', '2012-07-11 09:36:12', NULL),
(25, 'mb.xls', '120711112523_mb.xls', 77312, 'application/vnd.ms-excel', '5', 77, 76, 2, 0, '2012-07-11 03:25:23', '2012-07-11 03:25:23', NULL),
(26, '（河溪中学）mb.xls', '120712045858_3b77ce3e5b58c3bd5a8d58e28029e1b9.xls', 215040, 'application/vnd.ms-excel', '0', 69, 68, 2, 1, '2012-07-11 20:12:41', '2012-07-12 02:44:42', NULL),
(27, 'mb.xls', '120714223800_mb.xls', 262656, 'application/vnd.ms-excel', '59', 59, 58, 2, 1, '2012-07-12 00:11:02', '2012-07-14 14:39:40', NULL),
(28, 'mb.xls', '120712090553_mb.xls', 79360, 'application/vnd.ms-excel', '2', 68, 67, 2, 1, '2012-07-12 01:04:50', '2012-07-12 01:06:40', NULL),
(29, '潮阳新世界中英文学校.xls', '120716101314_bd68815ef24cda92e863f0ed9605033c.xls', 163840, 'application/vnd.ms-excel', '40', 73, 72, 2, 1, '2012-07-12 01:42:59', '2012-07-16 02:14:04', NULL),
(30, 'mb.xls', '120715102932_mb.xls', 649216, 'application/vnd.ms-excel', '9', 2, 1, 2, 1, '2012-07-12 01:44:45', '2012-07-15 02:31:00', NULL),
(31, 'mb.xls', '120712102716_mb.xls', 514048, 'application/vnd.ms-excel', '997', 79, 78, 2, 1, '2012-07-12 02:27:16', '2012-07-19 11:00:36', NULL),
(32, 'mb.xls', '120714111431_mb.xls', 178688, 'application/vnd.ms-excel', '5', 17, 16, 2, 1, '2012-07-12 02:37:18', '2012-07-14 03:15:21', NULL),
(33, 'mb.xls', '120712133117_mb.xls', 73216, 'application/vnd.ms-excel', '48', 66, 65, 2, 1, '2012-07-12 02:44:26', '2012-07-12 05:32:23', NULL),
(34, 'mb.xls', '120712104519_mb.xls', 117248, 'application/vnd.ms-excel', '0', 51, 50, 2, 1, '2012-07-12 02:45:19', '2012-07-12 02:45:42', NULL),
(35, 'mb_完成版_.xls', '120712133437_9b6c1e2f91d25d87989c4a0425284938.xls', 505344, 'application/vnd.ms-excel', '0', 21, 20, 2, 1, '2012-07-12 05:34:37', '2012-07-12 05:39:45', NULL),
(36, 'mb.xls', '120713130335_mb.xls', 218624, 'application/vnd.ms-excel', '62', 13, 12, 2, 1, '2012-07-12 07:04:54', '2012-07-13 05:03:53', NULL),
(37, 'mb.xls', '120712162749_mb.xls', 185856, 'application/vnd.ms-excel', '0', 46, 45, 2, 1, '2012-07-12 07:37:01', '2012-07-13 12:25:46', NULL),
(38, 'mb.xls', '120712160007_mb.xls', 100864, 'application/vnd.ms-excel', '5', 88, 87, 2, 1, '2012-07-12 08:00:07', '2012-07-12 08:01:40', NULL),
(39, '高一二级成绩登记表.xls', '120712161523_810517619f9e47187a5ffd083c872127.xls', 311296, 'application/vnd.ms-excel', '0', 80, 79, 2, 1, '2012-07-12 08:14:33', '2012-07-19 09:51:40', NULL),
(40, 'mb.xls', '120712164223_mb.xls', 158208, 'application/vnd.ms-excel', '291469694', 44, 43, 2, 1, '2012-07-12 08:42:23', '2012-07-23 05:13:44', NULL),
(41, '成绩文件上传模板.xls', '120712172312_34247fd3213e8e9ae185885d6c27ab44.xls', 124416, 'application/vnd.ms-excel', '7', 50, 49, 2, 1, '2012-07-12 09:23:12', '2012-07-12 09:24:53', NULL),
(42, 'mb.xls', '120712214158_mb.xls', 354816, 'application/vnd.ms-excel', '5000', 56, 55, 2, 1, '2012-07-12 13:15:17', '2012-07-13 05:50:54', NULL),
(43, 'mb.xls', '120712222304_mb.xls', 142336, 'application/vnd.ms-excel', '0', 34, 33, 2, 1, '2012-07-12 14:23:04', '2012-07-12 14:26:58', NULL),
(44, 'cyyzmb.xls', '120713083119_cyyzmb.xls', 477184, 'application/vnd.ms-excel', '0', 52, 51, 2, 0, '2012-07-13 00:31:19', '2012-07-13 00:31:19', NULL),
(45, '英华高二统考成绩.xls', '120713111154_af078a6c35ca2decd118f914de6ff9f0.xls', 55808, 'application/vnd.ms-excel', '5', 6, 5, 2, 1, '2012-07-13 00:36:57', '2012-07-13 08:01:57', NULL),
(46, 'mb.xls', '120714110209_mb.xls', 433152, 'application/vnd.ms-excel', '9', 40, 39, 2, 1, '2012-07-13 01:21:20', '2012-07-14 03:02:09', NULL),
(47, 'mb.xls', '120713093156_mb.xls', 148480, 'application/vnd.ms-excel', '451', 15, 14, 2, 1, '2012-07-13 01:29:49', '2012-07-18 08:34:24', NULL),
(48, 'mb.xls', '120713144948_mb.xls', 228864, 'application/vnd.ms-excel', '62', 90, 89, 2, 1, '2012-07-13 01:47:23', '2012-07-13 06:50:53', NULL),
(49, 'mb.xls', '120713094946_mb.xls', 514048, 'application/vnd.ms-excel', '0', 41, 40, 2, 1, '2012-07-13 01:49:46', '2012-07-13 01:50:21', NULL),
(50, 'mb.xls', '120713102849_mb.xls', 381440, 'application/vnd.ms-excel', '0', 74, 73, 2, 1, '2012-07-13 02:28:49', '2012-07-13 02:30:20', NULL),
(51, 'mb.xls', '120713160142_mb.xls', 147968, 'application/vnd.ms-excel', '0', 49, 48, 2, 1, '2012-07-13 02:39:39', '2012-07-23 08:51:54', NULL),
(52, '六中高一高二期末统测成绩表_1_.xls', '120730151305_123fa3aba09f6eddaf79ad52d1e79957.xls', 162304, 'application/vnd.ms-excel', '0', 24, 23, 2, 1, '2012-07-13 02:55:15', '2012-07-30 07:21:08', NULL),
(53, 'mb.xls', '120720085105_mb.xls', 176640, 'application/vnd.ms-excel', '5', 45, 44, 2, 1, '2012-07-13 03:08:14', '2012-07-20 01:08:47', NULL),
(54, '成绩上报2.xls', '120718124251_04b5093ccf1c3bc713428b1a4e6f4403.xls', 402944, 'application/vnd.ms-excel', '0', 3, 2, 2, 1, '2012-07-13 03:17:01', '2012-07-18 04:42:58', NULL),
(55, 'mb.xls', '120713114221_mb.xls', 220160, 'application/vnd.ms-excel', '5', 89, 88, 2, 1, '2012-07-13 03:36:05', '2012-07-13 06:15:41', NULL),
(56, 'mb.xls', '120714145150_mb.xls', 130048, 'application/vnd.ms-excel', '20', 65, 64, 2, 1, '2012-07-13 05:47:12', '2012-07-14 07:03:17', NULL),
(57, 'mb.xls', '120713135148_mb.xls', 344576, 'application/vnd.ms-excel', '1', 83, 82, 2, 1, '2012-07-13 05:51:48', '2012-07-15 02:10:48', NULL),
(58, 'mb.xls', '120714153726_mb.xls', 495104, 'application/vnd.ms-excel', '71334', 75, 74, 2, 1, '2012-07-13 06:04:56', '2012-07-14 07:37:26', NULL),
(59, '111202隆都中学高中成绩.xls', '120713190516_63a5ba05a7344123c64c9e9a1ce28f9a.xls', 172544, 'application/vnd.ms-excel', '0', 48, 47, 2, 1, '2012-07-13 06:25:10', '2012-07-14 00:00:50', NULL),
(60, '汇总潮阳区后溪中学非高中成绩表.xls', '120713144634_06f23f012206cb75a305529ab7fba22b.xls', 200704, 'application/vnd.ms-excel', '9', 67, 66, 2, 1, '2012-07-13 06:46:34', '2012-07-13 06:49:08', NULL),
(61, '莱芜中学各班成绩总表.xls', '120713151706_57182f627f6f584b0439cfd616edf4f7.xls', 141824, 'application/vnd.ms-excel', '3055', 47, 46, 2, 1, '2012-07-13 06:52:04', '2012-07-13 07:17:06', NULL),
(62, 'mb.xls', '120713151851_mb.xls', 127488, 'application/vnd.ms-excel', '0', 78, 77, 2, 0, '2012-07-13 07:11:23', '2012-07-13 07:18:51', NULL),
(63, 'mb.xls', '120713152302_mb.xls', 408576, 'application/vnd.ms-excel', '85', 53, 52, 2, 1, '2012-07-13 07:15:48', '2012-07-13 07:23:48', NULL),
(64, 'mb.xls', '120713152921_mb.xls', 218624, 'application/vnd.ms-excel', '5', 57, 56, 2, 1, '2012-07-13 07:26:51', '2012-07-13 07:30:40', NULL),
(65, 'mb.xls', '120713222901_mb.xls', 172032, 'application/vnd.ms-excel', '0', 84, 83, 2, 1, '2012-07-13 07:30:14', '2012-07-14 06:42:09', NULL),
(66, 'mb.xls', '120716102423_mb.xls', 364544, 'application/vnd.ms-excel', '30', 33, 32, 2, 1, '2012-07-13 07:32:57', '2012-07-16 02:28:01', NULL),
(67, 'mb.xls', '120713161100_mb.xls', 346112, 'application/vnd.ms-excel', '0', 71, 70, 2, 0, '2012-07-13 07:55:50', '2012-07-13 08:11:00', NULL),
(68, '谷饶中学高一、高二期考试成绩.xls', '120713182534_dd7b418e5a1ace01624b1d9aa29b07bc.xls', 245760, 'application/vnd.ms-excel', '0', 58, 57, 2, 1, '2012-07-13 10:12:05', '2012-07-13 10:25:34', NULL),
(69, 'mb_.xls', '120718224414_mb_.xls', 129024, 'application/vnd.ms-excel', '0', 18, 17, 2, 1, '2012-07-13 12:38:52', '2012-07-19 01:22:38', NULL),
(70, 'mb.xls', '120714105133_mb.xls', 153600, 'application/vnd.ms-excel', '2', 102, 93, 2, 1, '2012-07-13 13:58:25', '2012-07-14 02:51:43', NULL),
(71, 'mb.xls', '120721010443_mb.xls', 214016, 'application/vnd.ms-excel', '0', 25, 24, 2, 0, '2012-07-13 15:14:32', '2012-07-20 17:04:43', NULL),
(72, 'mb.xls', '120714085118_mb.xls', 220160, 'application/vnd.ms-excel', '0', 10, 9, 2, 1, '2012-07-14 00:51:18', '2012-07-14 00:51:18', NULL),
(73, 'mb.xls', '120714090817_mb.xls', 260096, 'application/vnd.ms-excel', '0', 85, 84, 2, 1, '2012-07-14 01:08:17', '2012-07-14 01:21:33', NULL),
(74, 'mbjs.xls', '120714091133_mbjs.xls', 209408, 'application/vnd.ms-excel', '0', 29, 28, 2, 1, '2012-07-14 01:11:33', '2012-07-14 01:18:24', NULL),
(75, '2011-2012年第二学期期末达濠中学高一高二成绩.xls', '120714092929_6e1bd9e3df8657fdda3e7d9f05ba5f64.xls', 152576, 'application/vnd.ms-excel', '980', 36, 35, 2, 1, '2012-07-14 01:29:29', '2012-07-14 01:32:14', NULL),
(76, 'mb.xls', '120714102257_mb.xls', 153088, 'application/vnd.ms-excel', '521', 28, 27, 2, 1, '2012-07-14 01:30:34', '2012-07-14 02:23:30', NULL),
(77, 'mb.xls', '120714095852_mb.xls', 182272, 'application/vnd.ms-excel', '6871', 14, 13, 2, 1, '2012-07-14 01:58:52', '2012-07-18 09:41:02', NULL),
(78, '汕头市实验学校成绩.xls', '120714102108_295d05d15339c9ad459ce5c3a21ca62d.xls', 231936, 'application/vnd.ms-excel', '0', 92, 91, 2, 0, '2012-07-14 02:21:08', '2012-07-14 02:21:08', NULL),
(79, 'mb.xls', '120714103833_mb.xls', 184832, 'application/vnd.ms-excel', '2', 37, 36, 2, 0, '2012-07-14 02:26:49', '2012-07-14 02:38:33', NULL),
(80, 'mb.xls', '120714103930_mb.xls', 331776, 'application/vnd.ms-excel', '906', 11, 10, 2, 1, '2012-07-14 02:39:30', '2012-07-14 02:40:20', NULL),
(81, 'mb.xls', '120714105326_mb.xls', 293376, 'application/vnd.ms-excel', '0', 43, 42, 2, 1, '2012-07-14 02:53:26', '2012-07-14 03:04:49', NULL),
(82, 'mb.xls', '120714110639_mb.xls', 466944, 'application/vnd.ms-excel', '5', 54, 53, 2, 0, '2012-07-14 02:54:09', '2012-07-14 03:06:39', NULL),
(83, 'mb.xls', '120714110501_mb.xls', 543232, 'application/vnd.ms-excel', '0', 32, 31, 2, 1, '2012-07-14 03:05:01', '2012-07-14 03:05:42', NULL),
(84, '澄海莲阳中学12年高中教学数据上报.xls', '120716155416_6c3b95dc6f8ba58ec320d5945cf5589e.xls', 251904, 'application/vnd.ms-excel', '0', 42, 41, 2, 1, '2012-07-14 03:34:08', '2012-07-16 07:55:44', NULL),
(85, 'mb.xls', '120714115802_mb.xls', 501760, 'application/vnd.ms-excel', '0', 9, 8, 2, 1, '2012-07-14 03:58:02', '2012-07-14 05:41:19', NULL),
(86, 'mb.xls', '120714153232_mb.xls', 287744, 'application/vnd.ms-excel', '8', 27, 26, 2, 0, '2012-07-14 07:02:11', '2012-07-14 07:32:32', NULL),
(87, 'mb.xls', '120714150859_mb.xls', 112128, 'application/vnd.ms-excel', '9015', 60, 59, 2, 1, '2012-07-14 07:08:59', '2012-07-16 04:37:02', NULL),
(88, 'mb.xls', '120714153655_mb.xls', 488960, 'application/vnd.ms-excel', '0', 38, 37, 2, 1, '2012-07-14 07:36:55', '2012-07-14 15:06:46', NULL),
(89, '汕头市下蓬中学2011-2012学年度非毕业班教学质量检测成绩.xls', '120714154831_00243746a6eec781e3c8d5ab20cee71c.xls', 263680, 'application/vnd.ms-excel', '8', 12, 11, 2, 1, '2012-07-14 07:41:11', '2012-07-18 07:46:08', NULL),
(90, 'mb.xls', '120714160029_mb.xls', 252928, 'application/vnd.ms-excel', '0', 61, 60, 2, 0, '2012-07-14 08:00:29', '2012-07-14 08:00:29', NULL),
(91, 'mb.xls', '120714160607_mb.xls', 80384, 'application/vnd.ms-excel', '0', 70, 69, 2, 1, '2012-07-14 08:06:07', '2012-07-14 09:22:48', NULL),
(92, 'mb.xls', '120715162108_mb.xls', 186880, 'application/vnd.ms-excel', '0', 93, 92, 2, 1, '2012-07-14 08:13:03', '2012-07-15 08:25:02', NULL),
(93, 'mb.xls', '120719092813_mb.xls', 165888, 'application/vnd.ms-excel', '0', 16, 15, 2, 1, '2012-07-14 08:35:42', '2012-07-19 01:28:45', NULL),
(94, '东厦中学高中部期末考试成绩.xls', '120715103853_38b8f104a958b2a1af1af06cd730d3b1.xls', 458752, 'application/vnd.ms-excel', '0', 23, 22, 2, 1, '2012-07-14 09:09:00', '2012-07-20 04:28:07', NULL),
(95, 'mb.xls', '120714182418_mb.xls', 95232, 'application/vnd.ms-excel', '93110', 63, 62, 2, 1, '2012-07-14 10:24:18', '2012-07-14 10:25:50', NULL),
(96, '成绩统计表_胪溪中学）.xls', '120714192133_2006c90e35acc2c226bb3255e48c4094.xls', 203264, 'application/vnd.ms-excel', '3029', 87, 86, 1, 0, '2012-07-14 11:21:33', '2012-07-14 11:21:33', NULL),
(97, 'mb.xls', '120714202107_mb.xls', 183808, 'application/vnd.ms-excel', '0', 62, 61, 2, 0, '2012-07-14 12:18:27', '2012-07-14 12:21:07', NULL),
(98, 'mb.xls', '120714214415_mb.xls', 474112, 'application/vnd.ms-excel', '0', 82, 81, 2, 1, '2012-07-14 13:18:05', '2012-07-14 13:44:15', NULL),
(99, '潮阳一中明光学校汕头市2011-2012学年度普通高中教学质量监测成绩.xls', '120715081027_d92037f15af1cc58d4f240f150fad99e.xls', 245760, 'application/vnd.ms-excel', '5', 76, 75, 2, 1, '2012-07-14 23:39:14', '2012-07-15 00:11:40', NULL),
(100, 'mb.xls', '120716092000_mb.xls', 161280, 'application/vnd.ms-excel', '6', 26, 25, 2, 1, '2012-07-15 01:04:36', '2012-07-16 01:21:00', NULL),
(101, 'mb.xls', '120715105441_mb.xls', 349696, 'application/vnd.ms-excel', '7', 81, 80, 2, 1, '2012-07-15 01:32:42', '2012-07-15 02:54:54', NULL),
(102, 'mb.xls', '120715094733_mb.xls', 134656, 'application/vnd.ms-excel', '808', 35, 34, 2, 1, '2012-07-15 01:34:41', '2012-07-15 01:47:41', NULL),
(103, 'mb.xls', '120715105722_mb.xls', 192000, 'application/vnd.ms-excel', '0', 64, 63, 2, 0, '2012-07-15 02:55:55', '2012-07-15 02:57:22', NULL),
(104, 'mb.xls', '120715155226_mb.xls', 290304, 'application/vnd.ms-excel', '0', 91, 90, 2, 1, '2012-07-15 05:51:29', '2012-07-15 07:53:10', NULL),
(105, 'mb.xls', '120719220051_mb.xls', 115200, 'application/vnd.ms-excel', '8', 86, 85, 2, 1, '2012-07-15 06:59:58', '2012-07-19 14:01:09', NULL),
(106, 'mb.xls', '120715150858_mb.xls', 205824, 'application/vnd.ms-excel', '778', 30, 29, 2, 1, '2012-07-15 07:01:04', '2012-07-15 07:08:58', NULL),
(107, 'mb.xls', '120715152336_mb.xls', 82944, 'application/vnd.ms-excel', '12', 19, 18, 2, 1, '2012-07-15 07:23:36', '2012-07-15 07:25:01', NULL),
(108, 'mb.xls', '120720172029_mb.xls', 492032, 'application/octet-stream', '0', 55, 54, 2, 1, '2012-07-15 07:42:22', '2012-07-20 09:41:40', NULL),
(109, '高一高二成绩上传模板.xls', '120715164243_37607b2bdbd88ebeb3187635f6363b31.xls', 400384, 'application/vnd.ms-excel', '6', 39, 38, 2, 1, '2012-07-15 08:42:43', '2012-07-15 08:43:17', NULL),
(110, 'mb.xls', '120715165022_mb.xls', 207872, 'application/vnd.ms-excel', '0', 31, 30, 2, 1, '2012-07-15 08:50:22', '2012-07-15 08:57:18', NULL),
(111, '成绩统计表_胪溪中学）.xls', '120715213646_2006c90e35acc2c226bb3255e48c4094.xls', 203264, 'application/vnd.ms-excel', '1', 87, 86, 2, 1, '2012-07-15 13:36:46', '2012-07-15 14:21:10', NULL),
(112, '汕头四中高中教学质量监测数据.xls', '120715232106_fa19cb6b3eb00b55e6987fdeeb6535a2.xls', 227328, 'application/vnd.ms-excel', '4', 22, 21, 2, 1, '2012-07-15 15:21:06', '2012-07-15 15:24:13', NULL),
(113, 'mb.xls', '120718091033_mb.xls', 589824, 'application/vnd.ms-excel', '6', 20, 19, 1, 0, '2012-07-18 01:10:33', '2012-07-18 01:10:33', NULL),
(114, 'mb.xls', '120720092108_mb.xls', 586752, 'application/vnd.ms-excel', '0', 20, 19, 2, 0, '2012-07-18 01:13:27', '2012-07-20 01:21:08', NULL),
(116, '潮南区胪溪中学高三理科成绩数据表.csv', '130117211951_0a03b488b970a16d0e586db06d63e32e.csv', 9649, 'application/vnd.ms-excel', '0', 87, 86, 3, 1, '2013-01-16 15:57:27', '2013-01-17 13:20:11', 3),
(117, '潮南区胪溪中学高三文科成绩数据表.csv', '130117212146_57805c007c129ffbf669ad51a7277525.csv', 16440, 'application/octet-stream', '617396', 87, 86, 3, 1, '2013-01-16 16:07:23', '2013-01-17 13:22:00', 4),
(118, '3.csv', '130117101523_3.csv', 56692, 'application/vnd.ms-excel', '0', 9, 8, 3, 1, '2013-01-17 02:15:23', '2013-01-18 07:05:28', 3),
(120, '4.csv', '130118110249_4.csv', 9246, 'application/vnd.ms-excel', '972', 90, 89, 3, 1, '2013-01-17 05:10:52', '2013-01-18 03:06:29', 4),
(121, '3.csv', '130118110538_3.csv', 11038, 'application/vnd.ms-excel', '0', 90, 89, 3, 1, '2013-01-17 05:12:03', '2013-01-18 03:06:24', 3),
(122, '礐石中学高三理科.csv', '130117145347_ab7f07243322d4a48bbb8f9520badc47.csv', 3416, 'application/vnd.ms-excel', '0', 34, 33, 3, 1, '2013-01-17 06:53:47', '2013-01-17 06:54:26', 3),
(123, '礐石中学高三文科.csv', '130117150339_65b0d33b2d696bb009402c13757ec268.csv', 5084, 'application/vnd.ms-excel', '209', 34, 33, 3, 1, '2013-01-17 06:54:38', '2013-01-17 07:03:51', 4),
(125, '砺青高三理科.csv', '130117150627_e5fb4223e61eb271928128e2e82a734d.csv', 28527, 'application/vnd.ms-excel', '961', 83, 82, 3, 1, '2013-01-17 07:06:27', '2013-01-17 07:08:14', 3),
(126, '砺青高三文科.csv', '130117150841_9385f889f2c731c33d150045260e80ee.csv', 22968, 'application/vnd.ms-excel', '0', 83, 82, 3, 1, '2013-01-17 07:08:41', '2013-01-18 02:09:22', 4),
(128, '3.csv', '130118175736_3.csv', 30628, 'application/vnd.ms-excel', '0', 82, 81, 3, 1, '2013-01-17 07:12:16', '2013-01-18 09:57:51', 3),
(129, '4.csv', '130118175812_4.csv', 20434, 'application/vnd.ms-excel', '0', 82, 81, 3, 1, '2013-01-17 07:12:54', '2013-01-18 09:58:22', 4),
(131, '3.csv', '130117164124_3.csv', 17507, 'application/vnd.ms-excel', '0', 93, 92, 3, 1, '2013-01-17 07:41:29', '2013-01-17 08:42:21', 3),
(132, '4.csv', '130117154718_4.csv', 14078, 'application/vnd.ms-excel', '60', 9, 8, 3, 1, '2013-01-17 07:47:18', '2013-01-17 07:47:45', 4),
(134, '高三理科模板_1_.csv', '130117160025_5d334c9bf5a6fa58a3d0f74736929363.csv', 4254, 'application/octet-stream', '5', 24, 23, 3, 1, '2013-01-17 08:00:26', '2013-01-17 08:04:19', 3),
(135, '高三文科成绩.csv', '130117163027_6eac2a26c1e26ff0804441bd59819f9d.csv', 14307, 'text/plain', '6', 24, 23, 3, 1, '2013-01-17 08:04:30', '2013-01-17 08:31:04', 4),
(136, '盐鸿中学.csv', '130117160634_860e12f621f72aafc0b1333261e4dff5.csv', 1143, 'application/vnd.ms-excel', '3', 51, 50, 3, 1, '2013-01-17 08:06:34', '2013-01-17 08:07:00', 3),
(137, '3.csv', '130117160935_3.csv', 56529, 'application/vnd.ms-excel', '0', 79, 78, 3, 1, '2013-01-17 08:09:35', '2013-01-17 08:10:12', 3),
(138, '4.csv', '130117161032_4.csv', 23323, 'application/vnd.ms-excel', '0', 79, 78, 3, 1, '2013-01-17 08:10:32', '2013-01-17 08:10:44', 4),
(140, '盐鸿中学文科.csv', '130117161523_0489694dad92f065d897833a64b19f19.csv', 3637, 'application/vnd.ms-excel', '19', 51, 50, 3, 1, '2013-01-17 08:15:23', '2013-01-17 08:16:28', 4),
(141, '4.csv', '130117162019_4.csv', 3819, 'application/vnd.ms-excel', '0', 17, 16, 3, 1, '2013-01-17 08:18:47', '2013-01-17 08:20:41', 4),
(142, '3.csv', '130117162003_3.csv', 6529, 'application/octet-stream', '44', 17, 16, 3, 1, '2013-01-17 08:20:03', '2013-01-17 08:20:50', 3),
(143, '翠英中学高三理科.csv', '130118170327_cb8b60e392cec6416660dbe728e7f996.csv', 9908, 'application/vnd.ms-excel', '0', 13, 12, 3, 1, '2013-01-17 08:21:31', '2013-01-18 09:03:39', 3),
(145, '3.csv', '130118112018_3.csv', 3180, 'application/vnd.ms-excel', '3', 46, 45, 3, 1, '2013-01-17 08:24:00', '2013-01-18 03:22:24', 3),
(146, '翠英中学高三文科.csv', '130118170556_d5cfbe56cec7d05c66e9879f27a11da3.csv', 14922, 'application/vnd.ms-excel', '7574', 13, 12, 3, 1, '2013-01-17 08:24:30', '2013-01-18 09:06:06', 4),
(148, '4.csv', '130117162757_4.csv', 7436, 'application/vnd.ms-excel', '65853', 46, 45, 3, 1, '2013-01-17 08:27:57', '2013-01-17 08:28:05', 4),
(149, '4.csv', '130117164731_4.csv', 7469, 'application/vnd.ms-excel', '388', 93, 92, 3, 1, '2013-01-17 08:44:53', '2013-01-17 08:48:00', 4),
(150, '（十一中）高三理科成绩3.csv', '130117215330_6dd8c482b929a30d050dfa5985c60a43.csv', 8520, 'application/vnd.ms-excel', '0', 25, 24, 3, 1, '2013-01-17 13:53:30', '2013-01-17 13:54:54', 3),
(151, '（十一中）高三文科成绩模板4.csv', '130117232948_963620094055bfff5ac9e53e3ebcc199.csv', 14269, 'application/vnd.ms-excel', '6', 25, 24, 3, 1, '2013-01-17 13:55:45', '2013-01-17 15:30:49', 4),
(152, '4.csv', '130118193510_4.csv', 6909, 'application/vnd.ms-excel', '943d1b001ad1fa0e3a5cdd77cb72140a', 78, 77, 3, 1, '2013-01-17 14:10:23', '2013-01-18 12:01:28', 4),
(153, '3.csv', '130118195954_3.csv', 4246, 'application/vnd.ms-excel', '35bda11156b1104a5d70d03010daafc7', 78, 77, 3, 1, '2013-01-17 14:14:49', '2013-01-18 12:02:00', 3),
(154, '12-13上高三文科成绩上报.csv', '130118081020_c6d545df2f013dd851789a4c1615d03e.csv', 6195, 'application/vnd.ms-excel', '27', 16, 15, 3, 1, '2013-01-18 00:10:20', '2013-01-18 00:10:57', 4),
(155, '高三理3.csv', '130118081039_a400c76faa4b2a8a91588195bdf317ae.csv', 1505, 'application/vnd.ms-excel', '97', 19, 18, 3, 1, '2013-01-18 00:10:39', '2013-01-19 02:58:10', 3),
(156, '12-13上高三理科成绩上报.csv', '130118081439_2744f176334363777b22d95508f47759.csv', 7705, 'application/vnd.ms-excel', '9', 16, 15, 3, 1, '2013-01-18 00:14:39', '2013-01-18 00:16:24', 3),
(158, '高三文.csv', '130118082745_3053e63736fe3d301738510d700bf344.csv', 1807, 'application/vnd.ms-excel', '407', 19, 18, 3, 1, '2013-01-18 00:27:45', '2013-01-19 02:58:39', 4),
(159, '文科上报.csv', '130118083031_a1bdebbbc6ea628fb44b45a93cd84d7c.csv', 6199, 'application/octet-stream', '0', 84, 83, 3, 1, '2013-01-18 00:30:31', '2013-01-18 00:34:46', 4),
(160, '3.csv', '130118085059_3.csv', 2336, 'application/vnd.ms-excel', '52', 48, 47, 3, 1, '2013-01-18 00:50:59', '2013-01-18 00:51:55', 3),
(161, '4.csv', '130118085735_4.csv', 5910, 'application/vnd.ms-excel', '891', 48, 47, 3, 1, '2013-01-18 00:57:35', '2013-01-18 00:58:11', 4),
(163, '3.csv', '130118100646_3.csv', 22175, 'text/plain', '235', 81, 80, 3, 1, '2013-01-18 01:11:30', '2013-01-18 02:07:00', 3),
(164, '3.csv', '130118092738_3.csv', 1777, 'application/octet-stream', '0', 45, 44, 3, 1, '2013-01-18 01:27:38', '2013-01-18 01:29:06', 3),
(165, '4.csv', '130118092924_4.csv', 3279, 'application/octet-stream', '896', 45, 44, 3, 1, '2013-01-18 01:29:24', '2013-01-18 01:29:43', 4),
(166, '4.csv', '130118093239_4.csv', 6280, 'application/vnd.ms-excel', '315', 15, 14, 3, 1, '2013-01-18 01:29:53', '2013-01-18 01:32:53', 4),
(168, '3.csv', '130118093211_3.csv', 5943, 'application/vnd.ms-excel', '0', 15, 14, 3, 1, '2013-01-18 01:32:11', '2013-01-18 01:32:26', 3),
(170, '高三理科.csv', '130118100120_811a0db7fc36b7737319b6c09060c1a2.csv', 15857, 'application/vnd.ms-excel', '0', 58, 57, 3, 1, '2013-01-18 02:01:20', '2013-01-18 02:04:20', 3),
(171, '高三文科.csv', '130118100952_e883d8db8a0b17b84cec3900ad2bbef6.csv', 8946, 'application/vnd.ms-excel', '328', 58, 57, 3, 1, '2013-01-18 02:06:02', '2013-01-18 02:10:04', 4),
(172, '4.csv', '130118101331_4.csv', 13935, 'text/plain', '675202', 81, 80, 3, 1, '2013-01-18 02:08:24', '2013-01-18 02:13:37', 4),
(173, '0理.csv', '130118104437_04917b2ca32867107663b151cdec82fe.csv', 6672, 'application/vnd.ms-excel', '3', 86, 85, 3, 1, '2013-01-18 02:17:56', '2013-01-18 02:45:03', 3),
(174, '0文.csv', '130118104639_f28cafdffb9b2bab88bf27fda70093c4.csv', 6487, 'application/vnd.ms-excel', '0', 86, 85, 3, 1, '2013-01-18 02:46:39', '2013-01-18 02:46:56', 4),
(176, '3__2_.csv', '130118111515_3__2_.csv', 16009, 'application/octet-stream', '789', 12, 11, 3, 1, '2013-01-18 03:01:42', '2013-01-18 03:15:38', 3),
(180, '3.csv', '130118170916_3.csv', 41176, 'application/vnd.ms-excel', '42', 71, 70, 3, 1, '2013-01-18 03:09:22', '2013-01-18 09:09:52', 3),
(181, '4.csv', '130118210150_4.csv', 16401, 'application/vnd.ms-excel', '0f5a3b8623ce9031e421ddca1d581c88', 71, 70, 3, 1, '2013-01-18 03:10:01', '2013-01-18 13:03:27', 4),
(182, '3.csv', '130118113114_3.csv', 1756, 'application/vnd.ms-excel', '49015375', 63, 62, 3, 1, '2013-01-18 03:18:29', '2013-01-18 03:31:49', 3),
(183, '4.csv', '130118111855_4.csv', 17092, 'application/octet-stream', '5', 12, 11, 3, 1, '2013-01-18 03:18:55', '2013-01-18 03:19:00', 4),
(184, '4.csv', '130118114806_4.csv', 2780, 'application/vnd.ms-excel', '0', 63, 62, 3, 1, '2013-01-18 03:19:46', '2013-01-18 03:48:22', 4),
(185, '3.csv', '130118123450_3.csv', 4357, 'application/vnd.ms-excel', '0', 28, 27, 3, 1, '2013-01-18 04:34:50', '2013-01-18 04:35:27', 3),
(186, '4.csv', '130118123642_4.csv', 9844, 'application/vnd.ms-excel', '0', 28, 27, 3, 1, '2013-01-18 04:36:42', '2013-01-18 04:37:48', 4),
(187, '高三理科模板.csv', '130118123940_cb30ae4b50318935d59ebe3397ae42e0.csv', 14379, 'application/vnd.ms-excel', '889', 69, 68, 3, 1, '2013-01-18 04:39:40', '2013-01-18 04:41:50', 3),
(188, '高三文科模板.csv', '130118124221_e4c15fa5627ea447d67d34b2e8b57660.csv', 7470, 'application/vnd.ms-excel', '292', 69, 68, 3, 1, '2013-01-18 04:42:21', '2013-01-18 04:42:33', 4),
(190, '高三文科1.csv', '130118125753_2d30edd65232fc4aa44276ecd47cb8f8.csv', 2370, 'application/octet-stream', '248401', 66, 65, 3, 1, '2013-01-18 04:57:53', '2013-01-18 04:58:23', 4),
(191, '高三理科1.csv', '130119102727_06d53e0e3bc56cccd96f86c5f33b2125.csv', 1817, 'application/vnd.ms-excel', '8c5eb51b4beb7b7fad66e455ded26fe8', 66, 65, 3, 1, '2013-01-18 04:59:08', '2013-01-19 02:27:45', 3),
(192, '3.csv', '130118130431_3.csv', 19120, 'application/octet-stream', '0', 4, 79, 3, 1, '2013-01-18 04:59:11', '2013-01-18 05:31:23', 3),
(193, '4.csv', '130118130953_4.csv', 14443, 'application/vnd.ms-excel', '0', 4, 79, 3, 1, '2013-01-18 05:09:53', '2013-01-18 05:41:09', 4),
(194, '3.csv', '130118133533_3.csv', 1855, 'application/vnd.ms-excel', '967', 88, 87, 3, 1, '2013-01-18 05:35:34', '2013-01-18 05:35:53', 3),
(195, '4.csv', '130118133632_4.csv', 3015, 'application/vnd.ms-excel', '3', 88, 87, 3, 1, '2013-01-18 05:36:32', '2013-01-18 05:37:03', 4),
(196, '4.csv', '130118135955_4.csv', 27404, 'application/vnd.ms-excel', '17', 23, 22, 3, 1, '2013-01-18 05:53:40', '2013-01-18 09:51:39', 4),
(197, '3.csv', '130118140514_3.csv', 31111, 'application/vnd.ms-excel', '2', 23, 22, 3, 1, '2013-01-18 06:00:20', '2013-01-18 09:51:33', 3),
(198, '3.csv', '130118144955_3.csv', 6701, 'application/vnd.ms-excel', '9', 89, 88, 3, 1, '2013-01-18 06:05:39', '2013-01-18 06:55:25', 3),
(201, '高三级理科.csv', '130118144544_5a816f1937ee08f316c3d14a85e8f715.csv', 6429, 'application/vnd.ms-excel', '0', 42, 41, 3, 1, '2013-01-18 06:45:44', '2013-01-18 06:46:06', 3),
(202, '4.csv', '130118145012_4.csv', 10491, 'application/vnd.ms-excel', '2', 89, 88, 3, 1, '2013-01-18 06:50:12', '2013-01-18 06:54:41', 4),
(203, '高三级文科.csv', '130118145047_7007e341f9a2ad733dcce69523fc3b31.csv', 9233, 'application/octet-stream', '21', 42, 41, 3, 1, '2013-01-18 06:50:47', '2013-01-18 06:51:11', 4),
(204, '3.csv', '130118145458_3.csv', 4874, 'application/vnd.ms-excel', '486685', 61, 60, 3, 1, '2013-01-18 06:54:58', '2013-01-18 06:56:04', 3),
(205, '3.csv', '130118154449_3.csv', 29518, 'application/octet-stream', '523200269', 3, 2, 3, 1, '2013-01-18 06:56:05', '2013-01-18 07:45:01', 3),
(206, '高三理科.csv', '130118150056_811a0db7fc36b7737319b6c09060c1a2.csv', 1040, 'application/vnd.ms-excel', '2', 4, 49, 3, 1, '2013-01-18 07:00:56', '2013-01-18 07:36:21', 3),
(207, '高三文科.csv', '130118191756_e883d8db8a0b17b84cec3900ad2bbef6.csv', 2768, 'application/vnd.ms-excel', '7c13838c068d57fed7243ff80e19f09b', 50, 49, 3, 1, '2013-01-18 07:01:22', '2013-01-18 11:18:01', 4),
(208, '文科.csv', '130118150942_ac54ec8c09507baf8e0fee78186b59e7.csv', 27230, 'application/vnd.ms-excel', '1', 3, 2, 1, 0, '2013-01-18 07:04:59', '2013-01-18 07:09:42', 4),
(209, '4.csv', '130118155749_4.csv', 21879, 'application/vnd.ms-excel', '0', 3, 2, 3, 1, '2013-01-18 07:09:49', '2013-01-18 07:57:56', 4),
(211, '理科.csv', '130118151659_d5f58abc78b8fc2bf92c8cc55b6dfcd1.csv', 5962, 'application/vnd.ms-excel', '0', 64, 63, 3, 1, '2013-01-18 07:15:47', '2013-01-18 07:17:01', 3),
(212, '文科.csv', '130118151757_ac54ec8c09507baf8e0fee78186b59e7.csv', 10546, 'application/vnd.ms-excel', '0', 64, 63, 3, 1, '2013-01-18 07:17:11', '2013-01-18 07:17:58', 4),
(214, '理科总_3.csv', '130118153923_290e036d34cbed8e8698772e6decba7d.csv', 14275, 'application/vnd.ms-excel', '0', 67, 66, 3, 1, '2013-01-18 07:20:10', '2013-01-18 07:39:51', 3),
(215, '潮阳新世界中英文学校高三文科.csv', '130118153926_bac55ae2b3004884ec0267e160d4239c.csv', 6434, 'application/vnd.ms-excel', '5', 73, 72, 3, 1, '2013-01-18 07:21:04', '2013-01-18 07:39:37', 4),
(216, '潮阳新世界中英文学校高三理科.csv', '130118153715_c0a2dfeb0c26da4a0c2343e56b27c945.csv', 17608, 'application/vnd.ms-excel', '81', 73, 72, 3, 1, '2013-01-18 07:24:06', '2013-01-18 07:40:15', 3),
(217, '4.csv', '130118152429_4.csv', 21383, 'application/vnd.ms-excel', '0', 74, 73, 3, 1, '2013-01-18 07:24:29', '2013-01-18 07:25:08', 4),
(218, '33.csv', '130118153638_33.csv', 32677, 'application/octet-stream', '0', 33, 32, 3, 1, '2013-01-18 07:25:04', '2013-01-18 07:36:52', 3),
(219, '44.csv', '130118153712_44.csv', 15097, 'application/octet-stream', '0', 33, 32, 3, 1, '2013-01-18 07:25:28', '2013-01-18 07:37:20', 4),
(220, '3.csv', '130118152607_3.csv', 38276, 'application/vnd.ms-excel', '0', 74, 73, 3, 1, '2013-01-18 07:26:07', '2013-01-18 07:26:21', 3),
(221, '文科总.csv', '130118154022_75bded28316fd86dee02d7ea73fd87ca.csv', 15653, 'application/vnd.ms-excel', '542', 67, 66, 3, 1, '2013-01-18 07:28:57', '2013-01-18 07:40:27', 4),
(222, '3.csv', '130118153314_3.csv', 13597, 'application/vnd.ms-excel', '27', 55, 54, 3, 1, '2013-01-18 07:33:14', '2013-01-18 07:34:37', 3),
(223, '3.csv', '130118162002_3.csv', 37763, 'application/vnd.ms-excel', '1', 75, 74, 3, 1, '2013-01-18 07:33:19', '2013-01-18 08:20:19', 3),
(224, '4.csv', '130118153542_4.csv', 11966, 'application/vnd.ms-excel', '4000068', 55, 54, 3, 1, '2013-01-18 07:35:42', '2013-01-18 07:35:59', 4),
(225, '4.csv', '130118154102_4.csv', 1605, 'application/vnd.ms-excel', '0', 68, 67, 3, 1, '2013-01-18 07:41:02', '2013-01-18 07:42:30', 4),
(226, '12-13期末高三上交汕头成绩理.csv', '130118155002_6c11941cc82b8ac591145f3480d61949.csv', 46884, 'application/vnd.ms-excel', '203', 38, 37, 3, 1, '2013-01-18 07:50:02', '2013-01-18 07:51:01', 3),
(227, '4.csv', '130118162039_4.csv', 29752, 'application/vnd.ms-excel', '72', 75, 74, 3, 1, '2013-01-18 07:50:52', '2013-01-18 08:20:47', 4),
(228, '12-13期末高三上交汕头成绩文.csv', '130118155117_fa927a282922de0882ded72303d77040.csv', 24633, 'application/vnd.ms-excel', '8', 38, 37, 3, 1, '2013-01-18 07:51:17', '2013-01-18 07:51:40', 4),
(229, '复件_高三理科.csv', '130118155455_c72bf3028694da85176d7e57be10fbe5.csv', 2562, 'application/vnd.ms-excel', '0', 44, 43, 3, 1, '2013-01-18 07:54:30', '2013-01-18 07:54:59', 3),
(230, '复件_高三文科.csv', '130118155438_9a7dc233198777a2842f36204a0339b8.csv', 6211, 'application/vnd.ms-excel', '566', 44, 43, 3, 1, '2013-01-18 07:54:38', '2013-01-18 07:54:47', 4),
(233, '3.csv', '130118155804_3.csv', 2982, 'application/vnd.ms-excel', '0', 65, 64, 3, 1, '2013-01-18 07:58:04', '2013-01-18 07:58:32', 3),
(234, '4.csv', '130118155918_4.csv', 5627, 'application/vnd.ms-excel', '72017', 65, 64, 3, 1, '2013-01-18 07:59:18', '2013-01-18 07:59:36', 4),
(235, '3.csv', '130118160025_3.csv', 18155, 'application/vnd.ms-excel', '676', 91, 90, 3, 1, '2013-01-18 08:00:25', '2013-01-18 08:00:37', 3),
(236, '4.csv', '130118160059_4.csv', 17473, 'application/vnd.ms-excel', '0', 91, 90, 3, 1, '2013-01-18 08:00:59', '2013-01-18 08:01:18', 4),
(237, '3.csv', '130118160410_3.csv', 2273, 'application/vnd.ms-excel', '0', 47, 46, 3, 1, '2013-01-18 08:01:47', '2013-01-18 08:04:20', 3),
(238, '4.csv', '130118161257_4.csv', 4267, 'application/vnd.ms-excel', '0', 47, 46, 3, 1, '2013-01-18 08:06:03', '2013-01-18 08:13:14', 4),
(239, '高三理科.csv', '130118160608_811a0db7fc36b7737319b6c09060c1a2.csv', 5848, 'application/vnd.ms-excel', '0', 62, 61, 3, 1, '2013-01-18 08:06:08', '2013-01-18 08:06:33', 3),
(240, '高三文科.csv', '130118161056_e883d8db8a0b17b84cec3900ad2bbef6.csv', 10953, 'application/vnd.ms-excel', '7', 62, 61, 3, 1, '2013-01-18 08:06:52', '2013-01-18 08:11:06', 4),
(241, '高三文科.csv', '130119104205_e883d8db8a0b17b84cec3900ad2bbef6.csv', 24928, 'application/vnd.ms-excel', '7424a5833cc511a3429ec8ebc099a010', 56, 55, 3, 1, '2013-01-18 08:07:16', '2013-01-19 02:43:00', 4),
(243, '3.csv', '130118161252_3.csv', 38823, 'application/vnd.ms-excel', '55', 41, 40, 3, 1, '2013-01-18 08:12:52', '2013-01-18 08:13:16', 3),
(244, '4.csv', '130118161755_4.csv', 28600, 'application/vnd.ms-excel', '0', 41, 40, 3, 1, '2013-01-18 08:13:53', '2013-01-18 08:18:01', 4),
(245, '高三理科成绩模板2.csv', '130118165857_f141db78784baa85d5456ceed0dd54e2.csv', 26883, 'application/octet-stream', '1', 21, 20, 3, 1, '2013-01-18 08:16:20', '2013-01-18 08:59:22', 3),
(247, '2013年广澳中学期末高三理科成绩汇总.csv', '130118174808_a257ee6a17e61d4c79b02369c377afd1.csv', 6626, 'application/vnd.ms-excel', '92', 35, 34, 3, 1, '2013-01-18 08:19:05', '2013-01-18 09:48:25', 3),
(248, '高三理科.csv', '130118163413_811a0db7fc36b7737319b6c09060c1a2.csv', 2465, 'application/vnd.ms-excel', '589', 60, 59, 3, 1, '2013-01-18 08:21:11', '2013-01-18 08:34:16', 3),
(249, '4.csv', '130118162141_4.csv', 22504, 'application/vnd.ms-excel', '9', 61, 60, 3, 1, '2013-01-18 08:21:41', '2013-01-18 08:21:54', 4),
(250, '3文.csv', '130118162209_55d1345332474cfff9e94fd50375fd31.csv', 25500, 'application/vnd.ms-excel', '0', 39, 38, 3, 1, '2013-01-18 08:22:09', '2013-01-18 08:23:06', 4),
(251, '3理.csv', '130118162227_3b8afd0ce3c83d83ef2d576ba1234f79.csv', 33683, 'application/vnd.ms-excel', '7', 39, 38, 3, 1, '2013-01-18 08:22:27', '2013-01-18 08:22:40', 3),
(252, '高三理科.csv', '130118162707_811a0db7fc36b7737319b6c09060c1a2.csv', 2843, 'application/vnd.ms-excel', '0', 49, 48, 3, 1, '2013-01-18 08:27:07', '2013-01-18 08:27:43', 3),
(253, '潮阳一中明光学校高三理科成绩.csv', '130118162746_0ccf5b444d13f8fc1c377350566227fd.csv', 36107, 'application/vnd.ms-excel', '0', 76, 75, 3, 1, '2013-01-18 08:27:46', '2013-01-18 08:30:28', 3),
(255, '高三文科.csv', '130118163145_e883d8db8a0b17b84cec3900ad2bbef6.csv', 3713, 'application/vnd.ms-excel', '7', 49, 48, 3, 1, '2013-01-18 08:27:55', '2013-01-18 08:31:58', 4),
(257, '4.csv', '130118162927_4.csv', 1889, 'application/vnd.ms-excel', '0', 70, 69, 3, 1, '2013-01-18 08:29:27', '2013-01-18 08:30:20', 4),
(258, '潮阳一中明光学校高三文科成绩.csv', '130118165918_973e7e812bb344287ebc2832568a2286.csv', 17319, 'application/vnd.ms-excel', '6', 76, 75, 3, 1, '2013-01-18 08:30:44', '2013-01-18 08:59:28', 4),
(259, '3.csv', '130118163328_3.csv', 47385, 'application/vnd.ms-excel', '0', 54, 53, 3, 1, '2013-01-18 08:33:28', '2013-01-18 08:54:31', 3),
(260, '3.csv', '130118163603_3.csv', 20535, 'application/vnd.ms-excel', '0', 11, 10, 3, 1, '2013-01-18 08:36:03', '2013-01-18 08:36:24', 3),
(261, '4.csv', '130118163636_4.csv', 15713, 'application/vnd.ms-excel', '4', 11, 10, 3, 1, '2013-01-18 08:36:36', '2013-01-18 08:36:52', 4),
(262, '4.csv', '130118165356_4.csv', 28991, 'application/vnd.ms-excel', '9', 54, 53, 3, 1, '2013-01-18 08:36:52', '2013-01-18 08:54:16', 4),
(263, '4.csv', '130118163851_4.csv', 15040, 'application/vnd.ms-excel', '1', 31, 30, 3, 1, '2013-01-18 08:38:51', '2013-01-18 08:41:10', 4),
(264, '3.csv', '130119102210_3.csv', 10782, 'application/vnd.ms-excel', 'abe9735f72bffe922e0bf406a95bfe26', 92, 91, 3, 1, '2013-01-18 08:39:58', '2013-01-19 02:28:54', 3),
(265, '4.csv', '130119102827_4.csv', 7833, 'application/vnd.ms-excel', '16d5c52d10ee59448b81de31fc5cb8e9', 92, 91, 3, 1, '2013-01-18 08:40:21', '2013-01-19 02:28:31', 4),
(266, '3.csv', '130118164140_3.csv', 13655, 'application/vnd.ms-excel', '0', 31, 30, 3, 1, '2013-01-18 08:41:40', '2013-01-18 08:42:04', 3),
(267, '2013年市统考期末高三文科成绩汇总.csv', '130119093108_026f4dceee040429fc6ae7aa53a05abc.csv', 15892, 'application/vnd.ms-excel', 'debaa29cab5134e5eea3df1068441180', 35, 34, 3, 1, '2013-01-18 08:42:02', '2013-01-19 01:31:14', 4),
(268, '3.csv', '130118164900_3.csv', 26192, 'application/vnd.ms-excel', '8596', 40, 39, 3, 1, '2013-01-18 08:49:00', '2013-01-18 08:50:18', 3),
(269, '高三文科.csv', '130118164959_e883d8db8a0b17b84cec3900ad2bbef6.csv', 4840, 'application/vnd.ms-excel', '9', 60, 59, 3, 1, '2013-01-18 08:49:59', '2013-01-18 08:50:23', 4),
(270, '4.csv', '130118165033_4.csv', 28727, 'application/vnd.ms-excel', '0', 40, 39, 3, 1, '2013-01-18 08:50:33', '2013-01-18 08:50:52', 4),
(271, '3.csv', '130118165238_3.csv', 8450, 'application/vnd.ms-excel', '0', 37, 36, 3, 1, '2013-01-18 08:52:38', '2013-01-18 08:53:18', 3),
(272, '4.csv', '130118165328_4.csv', 9241, 'application/vnd.ms-excel', '8', 37, 36, 3, 1, '2013-01-18 08:53:28', '2013-01-18 08:53:34', 4),
(273, '汕头四中高三文科.csv', '130118165738_c465b76d80273e802d2154378786c447.csv', 14251, 'application/vnd.ms-excel', '253487', 22, 21, 3, 1, '2013-01-18 08:57:38', '2013-01-18 08:58:19', 4),
(275, '高三文科成绩模板2.csv', '130118170401_f4cd485c8abd57c6db73dfa75d69dbc8.csv', 24339, 'application/vnd.ms-excel', '7', 21, 20, 3, 1, '2013-01-18 09:03:08', '2013-01-18 09:04:13', 4),
(276, '3.csv', '130118171038_3.csv', 20872, 'application/vnd.ms-excel', '0', 27, 26, 3, 1, '2013-01-18 09:10:38', '2013-01-18 09:12:47', 3),
(278, '3.csv', '130118171243_3.csv', 11033, 'application/octet-stream', '0', 43, 42, 3, 1, '2013-01-18 09:12:43', '2013-01-18 09:14:36', 3),
(279, '4.csv', '130118171328_4.csv', 16886, 'application/vnd.ms-excel', '584', 27, 26, 3, 1, '2013-01-18 09:13:28', '2013-01-18 09:14:43', 4),
(281, '高三理科1.csv', '130118171444_06d53e0e3bc56cccd96f86c5f33b2125.csv', 7324, 'application/vnd.ms-excel', '0', 29, 28, 3, 1, '2013-01-18 09:14:44', '2013-01-18 09:16:03', 3),
(282, '4.csv', '130118171511_4.csv', 19051, 'application/vnd.ms-excel', '0', 43, 42, 3, 1, '2013-01-18 09:15:11', '2013-01-18 09:19:36', 4),
(283, '高三文科1.csv', '130118173336_2d30edd65232fc4aa44276ecd47cb8f8.csv', 15533, 'application/vnd.ms-excel', '6', 29, 28, 3, 1, '2013-01-18 09:16:30', '2013-01-18 09:33:49', 4),
(284, '汕头四中高三理科成绩.csv', '130118181522_1d2bfc8dbbaa7c98f8b95b91e2a3c60f.csv', 14859, 'application/vnd.ms-excel', '2', 22, 21, 3, 1, '2013-01-18 09:29:06', '2013-01-18 10:18:07', 3),
(285, '3.csv', '130118173229_3.csv', 6399, 'application/vnd.ms-excel', '95', 102, 93, 3, 1, '2013-01-18 09:30:51', '2013-01-18 09:34:39', 3),
(286, '高三理科.csv', '130119104141_811a0db7fc36b7737319b6c09060c1a2.csv', 26246, 'application/vnd.ms-excel', 'a538768bd12d5a80ca8afbc8fb6f2de5', 56, 55, 3, 1, '2013-01-18 09:31:07', '2013-01-19 02:41:52', 3),
(287, '4.csv', '130118173248_4.csv', 7311, 'application/vnd.ms-excel', '5', 102, 93, 3, 1, '2013-01-18 09:32:48', '2013-01-18 09:34:35', 4),
(288, '理科上报.csv', '130118173714_cdd2b9bde8778a2b533786fa1d35d8e5.csv', 7052, 'application/octet-stream', '5', 84, 83, 3, 1, '2013-01-18 09:37:15', '2013-01-18 09:38:50', 3),
(289, '4文科.csv', '130118173740_7b7dec555087f47daf89627fc23aa489.csv', 2240, 'application/vnd.ms-excel', '66409', 105, 95, 3, 1, '2013-01-18 09:37:17', '2013-01-18 09:37:53', 4),
(290, '3理科.csv', '130118173807_7819492c6bcdd0d55f15360cdbef6843.csv', 2225, 'application/vnd.ms-excel', '2161', 105, 95, 3, 1, '2013-01-18 09:38:07', '2013-01-18 09:38:17', 3),
(292, '高三理科.csv', '130118175100_811a0db7fc36b7737319b6c09060c1a2.csv', 48386, 'application/vnd.ms-excel', '8', 32, 31, 3, 1, '2013-01-18 09:51:00', '2013-01-18 09:51:18', 3),
(293, '高三文科.csv', '130118175129_e883d8db8a0b17b84cec3900ad2bbef6.csv', 31306, 'application/vnd.ms-excel', '0', 32, 31, 3, 1, '2013-01-18 09:51:29', '2013-01-18 09:51:34', 4),
(294, '4.csv', '130118182747_4.csv', 10191, 'application/vnd.ms-excel', '122', 85, 84, 3, 1, '2013-01-18 10:14:33', '2013-01-18 10:28:00', 4),
(296, '3.csv', '130118182528_3.csv', 10591, 'application/vnd.ms-excel', '4', 85, 84, 3, 1, '2013-01-18 10:25:28', '2013-01-18 10:25:53', 3),
(297, '高三理科.csv', '130119142840_811a0db7fc36b7737319b6c09060c1a2.csv', 9533, 'application/vnd.ms-excel', 'ece573930009034aace5a7530879af9c', 26, 25, 3, 1, '2013-01-18 10:47:49', '2013-01-19 06:28:45', 3),
(298, '高三文科.csv', '130119142853_e883d8db8a0b17b84cec3900ad2bbef6.csv', 9480, 'application/vnd.ms-excel', '573aee047d88a3df84c0b680a488f435', 26, 25, 3, 1, '2013-01-18 10:48:46', '2013-01-19 06:28:55', 4),
(299, '3.csv', '130118193850_3.csv', 6661, 'application/vnd.ms-excel', 'f463301bc0642d37a11be6b2ffadbbe3', 36, 35, 3, 1, '2013-01-18 11:38:50', '2013-01-18 11:40:02', 3),
(300, '4.csv', '130118194809_4.csv', 9179, 'application/vnd.ms-excel', 'def2b4e1c5d2e233db001be060f45da4', 36, 35, 3, 1, '2013-01-18 11:48:09', '2013-01-18 11:48:46', 4),
(303, '3.csv', '130118225908_3.csv', 37103, 'application/vnd.ms-excel', '44ae35e424610ba2505953d3bb5ec992', 20, 19, 3, 1, '2013-01-18 14:59:08', '2013-01-18 15:00:11', 3),
(304, '4.csv', '130118231157_4.csv', 32059, 'application/vnd.ms-excel', 'e5e76e628003759e2701bbe95f724c42', 20, 19, 3, 1, '2013-01-18 15:03:47', '2013-01-18 15:12:40', 4),
(306, '3.csv', '130119084635_3.csv', 64665, 'application/vnd.ms-excel', '4b7ef2159db2c7582a6aec4849717d7c', 2, 1, 3, 1, '2013-01-19 00:39:15', '2013-01-19 00:47:17', 3),
(307, '4.csv', '130119084457_4.csv', 31935, 'application/vnd.ms-excel', 'e1324677a9f114141709d2df5211b48d', 2, 1, 3, 1, '2013-01-19 00:42:05', '2013-01-19 00:45:26', 4),
(308, '4.csv', '130119085957_4.csv', 13799, 'application/vnd.ms-excel', '1b04401e9e6cb39258fdd7a08946fa77', 57, 56, 3, 1, '2013-01-19 00:59:57', '2013-01-19 01:13:26', 4),
(309, '3.csv', '130119090105_3.csv', 16999, 'application/vnd.ms-excel', 'ec26b7e2732323344bca0afeff51e2c0', 57, 56, 3, 1, '2013-01-19 01:01:05', '2013-01-19 01:14:08', 3),
(310, '3.csv', '130119090503_3.csv', 37783, 'application/vnd.ms-excel', '6b6d817c96a4835a926184af625d08a6', 4, 52, 3, 1, '2013-01-19 01:05:03', '2013-01-19 01:36:19', 3),
(311, '4.csv', '130119090644_4.csv', 18493, 'application/vnd.ms-excel', '274c07788ae25fbb3afb8098182dbbfe', 4, 52, 3, 1, '2013-01-19 01:06:44', '2013-01-19 01:37:20', 4),
(314, '高三理.csv', '130119100744_cc400b2ab6634e4c41c90acacea3c487.csv', 2256, 'application/vnd.ms-excel', 'ed19568686b59fab09aecf968aef5f65', 72, 71, 3, 1, '2013-01-19 01:49:12', '2013-01-19 02:08:03', 3),
(315, '高三理科成绩登记表.csv', '130119100122_8b6b325df7d27ffbb223b3c472b1b295.csv', 5627, 'application/vnd.ms-excel', '496c9c80501a006c21fb28e0a44be6ae', 14, 13, 3, 1, '2013-01-19 02:01:22', '2013-01-19 02:01:27', 3),
(316, '高三文科成绩登记表.csv', '130119100137_64a51863751a1225f46a5ccaa3ea07e9.csv', 9497, 'application/vnd.ms-excel', '041080f19652dad55d0d492015bae3c1', 14, 13, 3, 1, '2013-01-19 02:01:37', '2013-01-19 02:01:41', 4),
(317, '3.csv', '130119101016_3.csv', 21170, 'application/vnd.ms-excel', '90698bad692fbf01be2cf4c88514653c', 10, 9, 3, 1, '2013-01-19 02:10:16', '2013-01-19 02:10:53', 3),
(318, '4.csv', '130119101141_4.csv', 7297, 'application/vnd.ms-excel', 'db69f27408dba20de06c7ac527ffea00', 10, 9, 3, 1, '2013-01-19 02:11:41', '2013-01-19 02:11:57', 4),
(319, '3.csv', '130119103338_3.csv', 17119, 'application/vnd.ms-excel', 'b66b37997c52727c8c0bbdf482251052', 59, 58, 3, 1, '2013-01-19 02:15:53', '2013-01-19 02:33:46', 3),
(320, '3.csv', '130119102231_3.csv', 5284, 'application/vnd.ms-excel', 'dc457c9cdb7e67f63003d604b11a80e3', 30, 29, 3, 1, '2013-01-19 02:22:31', '2013-01-19 02:22:36', 3),
(321, '4.csv', '130119102245_4.csv', 14730, 'application/vnd.ms-excel', '28264cf21d51ab3de18a5c1ab7cb90a1', 30, 29, 3, 1, '2013-01-19 02:22:45', '2013-01-19 02:22:59', 4),
(322, '4.csv', '130119103048_4.csv', 1207, 'application/vnd.ms-excel', '7763828b706aaa0f75058d01409d2500', 72, 71, 3, 1, '2013-01-19 02:26:08', '2013-01-19 02:30:58', 4),
(323, '4.csv', '130119103410_4.csv', 11125, 'application/vnd.ms-excel', '9474515782902fbc928cb5093d5c475a', 59, 58, 3, 1, '2013-01-19 02:34:10', '2013-01-19 02:34:22', 4),
(324, '潮阳一中2012-13学年第一学期高三期末理科生成绩.csv', '130119105824_0ffbfecfcb6f02cf7c5b8bcb3efc889e.csv', 45702, 'application/vnd.ms-excel', '46e6fdd94ba22e1d38d089e39b0141a4', 52, 51, 3, 1, '2013-01-19 02:38:28', '2013-01-19 02:58:36', 3),
(325, '潮阳一中2012-13学年第一学期高三期末文科生成绩.csv', '130119105309_10e981b66fa59d6d2b2fbc23c02969c3.csv', 23259, 'application/vnd.ms-excel', 'd66b71dd5efdef4bda7eae730555185a', 52, 51, 3, 1, '2013-01-19 02:39:19', '2013-01-19 02:53:17', 4),
(327, '0_1_.csv', '130119111658_0_1_.csv', 1774, 'application/octet-stream', '9d759ca6eec0f386ab5e25fdb591ffd4', 103, 94, 3, 1, '2013-01-19 03:02:56', '2013-01-19 03:17:16', 3),
(328, '文科.csv', '130119113116_ac54ec8c09507baf8e0fee78186b59e7.csv', 1505, 'application/octet-stream', '9b5e60d856603bdbfa35f80a065a15e9', 103, 94, 3, 1, '2013-01-19 03:04:39', '2013-01-19 03:31:22', 4),
(332, '41.csv', '130119142555_41.csv', 14027, 'application/vnd.ms-excel', '5c227526f2f5957bdaf7e46a61fca080', 18, 17, 3, 1, '2013-01-19 06:25:55', '2013-01-19 10:29:19', 4),
(334, '31.csv', '130119142629_31.csv', 7072, 'application/vnd.ms-excel', 'e8c5dd67e70a67d6c72bd08f769b5f9f', 18, 17, 3, 1, '2013-01-19 06:26:29', '2013-01-19 06:26:33', 3),
(337, '高二文成绩模板.csv', '130710063244_080d9bd0fc32c1a0592b6cd3c84e2bc7.csv', 15360, 'application/vnd.ms-excel', 'f518833bd4966531a7cf0a63aa8ec36a', 72, 71, 4, 0, '2013-07-09 22:32:44', '2013-07-09 22:32:44', 2),
(339, '高二理成绩模板.csv', '130710074406_1b56a36ad1857623d49b74ede4447247.csv', 4631, 'application/vnd.ms-excel', 'ba3fe1986a0c5e7f9b7e04b1460e88c4', 72, 71, 4, 0, '2013-07-09 23:44:06', '2013-07-09 23:44:06', 1),
(340, '6dg2l.csv', '130715101122_6dg2l.csv', 53907, 'text/csv', 'e1be45161f17b6af310b3c13f43fef21', 79, 78, 4, 1, '2013-07-10 01:23:43', '2013-07-15 02:11:32', 1),
(341, '6dg2w.csv', '130715101019_6dg2w.csv', 19342, 'text/csv', 'f794c7ecf81deb51cc0b3d5b41037cda', 79, 78, 4, 1, '2013-07-10 01:24:01', '2013-07-15 02:10:27', 2),
(342, '高一成绩模板.csv', '130710095145_ef8f013c8f185d73eefee5f152b9aa19.csv', 6560, 'application/vnd.ms-excel', '49b3c179f19cc0fc455ed6f733a0dd3d', 72, 71, 4, 0, '2013-07-10 01:51:45', '2013-07-10 01:51:45', 0),
(351, '1.csv', '130710164036_1.csv', 6460, 'application/vnd.ms-excel', '2b42d00942d2b6eeae24a58218663393', 86, 85, 4, 1, '2013-07-10 08:40:36', '2013-07-13 13:57:58', 1),
(352, '2.csv', '130715143958_2.csv', 6834, 'application/vnd.ms-excel', '72cdd9ec17e0942fd9bc68bcfdaef107', 86, 85, 4, 1, '2013-07-10 08:41:38', '2013-07-15 06:40:51', 2),
(353, '0_1_.csv', '130714084402_0_1_.csv', 2682, 'application/octet-stream', 'c8fd691bb113fe32850a7fb4d8fc6490', 103, 94, 4, 1, '2013-07-10 11:29:41', '2013-07-14 00:44:12', 0),
(358, '6dg1.csv', '130715100837_6dg1.csv', 94995, 'text/csv', '0bdb07e1bc2f274ed8edc510b88ec3e7', 79, 78, 4, 1, '2013-07-11 02:41:58', '2013-07-15 02:09:08', 0),
(359, '高一成绩.csv', '130713145227_9ff82c46ade095ec7d789a00b7091870.csv', 14358, 'application/vnd.ms-excel', '2beb26d9a4cddd0675408caa1dd62759', 45, 44, 4, 1, '2013-07-11 02:47:53', '2013-07-13 06:52:38', 0),
(360, '高二理成绩.csv', '130713145253_1f69fe36fd4aa61c0ad84c0b4fde469a.csv', 2071, 'application/vnd.ms-excel', '059438dbce9e767b15bef45653f4b0f3', 45, 44, 4, 1, '2013-07-11 02:48:11', '2013-07-13 06:52:55', 1),
(361, '2.csv', '130722115043_2.csv', 8176, 'application/octet-stream', '883a8abb47ad016c13b9556f43c79085', 45, 44, 4, 1, '2013-07-11 02:48:26', '2013-07-22 03:50:52', 2),
(363, '高一.csv', '130712162026_a8a5e93ccfb2820882e61465eabdf65f.csv', 21258, 'application/vnd.ms-excel', '3264c874f5b8e19ec5c50da7d24d9960', 46, 45, 4, 1, '2013-07-11 02:51:33', '2013-07-12 08:36:34', 0),
(365, '2.csv', '130712162910_2.csv', 10234, 'application/vnd.ms-excel', '351a92d6706251d4579253be1a2797e1', 46, 45, 4, 1, '2013-07-11 02:51:53', '2013-07-12 08:36:47', 2),
(368, '高二理.csv', '130712162230_7f7e047224acf2608913b617ccf2af53.csv', 5132, 'application/vnd.ms-excel', '82e5bad22d954d591be29ff7a6741a87', 46, 45, 4, 1, '2013-07-11 03:01:01', '2013-07-12 08:36:42', 1),
(376, '0.csv', '130712095642_0.csv', 31280, 'application/vnd.ms-excel', '82dbadb793974c1651280714373bdf16', 89, 88, 4, 1, '2013-07-11 06:31:29', '2013-07-12 01:56:54', 0),
(377, '1.csv', '130711143155_1.csv', 8710, 'application/vnd.ms-excel', '025e10ce3181d734ab3e3c1adbd91b21', 89, 88, 4, 1, '2013-07-11 06:31:55', '2013-07-12 01:57:11', 1),
(381, '2.csv', '130713162955_2.csv', 11465, 'application/vnd.ms-excel', '47a5240d17c4e29515f03acfbf6843e4', 89, 88, 4, 1, '2013-07-11 06:33:45', '2013-07-13 08:29:59', 2);
INSERT INTO `score_files` (`id`, `filename`, `disk_filename`, `filesize`, `content_type`, `digest`, `user_id`, `school_id`, `exam_id`, `confirmed`, `created_at`, `updated_at`, `f_type`) VALUES
(386, '000.csv', '130714085905_000.csv', 23837, 'application/vnd.ms-excel', '75a7233a8773a74f7ebd158ab4e35ea1', 4, 85, 4, 1, '2013-07-11 06:50:09', '2013-07-14 01:29:04', 0),
(387, '0.csv', '130713103335_0.csv', 54844, 'application/vnd.ms-excel', '982824124d47d8ca87b4d5120c1ddf05', 57, 56, 4, 1, '2013-07-11 06:52:55', '2013-07-13 02:33:43', 0),
(388, '1.csv', '130713103447_1.csv', 13764, 'application/vnd.ms-excel', '4870983bfec1a12e22577b95871ea4d2', 57, 56, 4, 1, '2013-07-11 06:53:07', '2013-07-13 02:34:52', 1),
(389, 'nqg2w.csv', '130715103627_nqg2w.csv', 10721, 'text/csv', 'f30b75a13e0565d250cd0c0faeb4d67f', 57, 56, 4, NULL, '2013-07-11 06:53:20', '2013-07-15 02:36:27', 2),
(396, '高一.csv', '130711152028_a8a5e93ccfb2820882e61465eabdf65f.csv', 98391, 'application/vnd.ms-excel', 'fae5c1c523cf22a87691b45bdb708dd7', 32, 31, 4, 1, '2013-07-11 07:20:28', '2013-07-13 08:42:28', 0),
(397, '高二理科.csv', '130713165735_045b6d4f3d74c6e4422f95342025f1c1.csv', 46089, 'application/vnd.ms-excel', '991c7f3904d8e86bffef16f6baf0320a', 32, 31, 4, 1, '2013-07-11 07:21:32', '2013-07-13 08:57:44', 1),
(398, 'dhqzg2w.csv', '130715105334_dhqzg2w.csv', 34458, 'text/csv', 'e9f2b0b2110fae210950d731092147d4', 32, 31, 4, 1, '2013-07-11 07:21:46', '2013-07-15 02:53:37', 2),
(401, '1_1_.csv', '130711155320_1_1_.csv', 1068, 'application/octet-stream', 'dd428a012ef40b20a6570d9e8ce75af5', 103, 94, 4, 1, '2013-07-11 07:53:20', '2013-07-13 13:14:32', 1),
(402, '2_1_.csv', '130711155332_2_1_.csv', 484, 'application/octet-stream', '32ea65bf81e616a07ed3cedba53a9813', 103, 94, 4, 1, '2013-07-11 07:53:32', '2013-07-13 13:14:37', 2),
(403, '1.csv', '130713083051_1.csv', 15243, 'application/vnd.ms-excel', '64413347c462c4adafced547e5d8358a', 90, 89, 4, 1, '2013-07-11 07:58:52', '2013-07-13 01:06:42', 1),
(404, '2.csv', '130713083107_2.csv', 14371, 'application/vnd.ms-excel', '41bca8f0dc748a314bc009c5c5d9ae09', 90, 89, 4, 1, '2013-07-11 07:59:04', '2013-07-13 01:06:49', 2),
(406, '高一成绩模板.csv', '130712153250_ef8f013c8f185d73eefee5f152b9aa19.csv', 85317, 'application/vnd.ms-excel', '0e168c34c9df5b87898674b9213778f9', 41, 40, 4, 1, '2013-07-11 08:11:19', '2013-07-12 07:33:05', 0),
(407, '0.csv', '130711162529_0.csv', 24011, 'application/vnd.ms-excel', '5e6a6649d7769fbd2b2d6d8fdb2b5353', 93, 92, 4, 1, '2013-07-11 08:25:29', '2013-07-13 11:46:27', 0),
(408, '1.csv', '130711162641_1.csv', 12646, 'application/vnd.ms-excel', '1556a226c5dc551a0e03e0a1a7436487', 93, 92, 4, 1, '2013-07-11 08:26:41', '2013-07-13 11:46:54', 1),
(412, '1.csv', '130712095559_1.csv', 9002, 'application/vnd.ms-excel', '0e203cab40368830bd279cc8f7599be5', 26, 25, 4, 1, '2013-07-11 09:02:22', '2013-07-12 02:02:40', 1),
(424, '0.csv', '130712135843_0.csv', 15600, 'application/vnd.ms-excel', 'ef025dd30853e249dfe7d03f5c67e48e', 88, 87, 4, 1, '2013-07-11 09:17:40', '2013-07-12 05:58:53', 0),
(425, '2.csv', '130712154742_2.csv', 9849, 'application/vnd.ms-excel', '89417786f2773e468ea1587aa31a8874', 26, 25, 4, 1, '2013-07-11 09:23:27', '2013-07-12 09:30:38', 2),
(427, '1.csv', '130712135829_1.csv', 2227, 'application/vnd.ms-excel', '08c65474ec51d0da55dfe5c35abf98f9', 88, 87, 4, 1, '2013-07-11 09:26:34', '2013-07-12 05:58:36', 1),
(430, '高一成绩.csv', '130712152644_9ff82c46ade095ec7d789a00b7091870.csv', 34831, 'application/vnd.ms-excel', 'f3407e04abb009a690dfe3e44d805a2c', 13, 12, 4, 1, '2013-07-11 09:36:49', '2013-07-12 07:27:30', 0),
(431, '高二理科.csv', '130711174022_045b6d4f3d74c6e4422f95342025f1c1.csv', 13665, 'application/vnd.ms-excel', 'b5c77149f61db0def966e2cba8745cc5', 13, 12, 4, 1, '2013-07-11 09:40:22', '2013-07-12 07:27:39', 1),
(433, '0.csv', '130713110655_0.csv', 10388, 'application/vnd.ms-excel', '3b228f61b611c0264e0c95a5a67b0eef', 51, 50, 4, 1, '2013-07-11 09:49:29', '2013-07-13 03:07:02', 0),
(434, '1.csv', '130711174950_1.csv', 2059, 'application/vnd.ms-excel', '43b8a8c8b4152f6747b0be8fb1278af6', 51, 50, 4, 1, '2013-07-11 09:49:50', '2013-07-13 03:07:19', 1),
(435, '2.csv', '130713110930_2.csv', 5113, 'application/vnd.ms-excel', '763ae0bec9a0b65f2ffc056589b472ac', 51, 50, 4, 1, '2013-07-11 09:49:59', '2013-07-13 03:09:38', 2),
(437, '高二理科成绩模板.csv', '130711175314_65f0c2555c1f8e56923e1759761be01d.csv', 4296, 'application/vnd.ms-excel', 'd0fe33f481c35c4a64b7f99bf711741f', 49, 48, 4, 1, '2013-07-11 09:53:14', '2013-07-12 07:48:42', 1),
(438, '2.csv', '130712154819_2.csv', 8346, 'application/vnd.ms-excel', 'b0fa3396031530bc74d6cc002df434c3', 49, 48, 4, 1, '2013-07-11 09:53:24', '2013-07-12 07:48:25', 2),
(439, '0.csv', '130712155903_0.csv', 12967, 'application/vnd.ms-excel', '8350c7711c6177f9245b69df95384be2', 49, 48, 4, 1, '2013-07-11 09:55:29', '2013-07-12 07:59:14', 0),
(448, '汕头市广大实验学校高1质量监测成绩表.csv', '130712155239_ac90a91cdac669667b47b2d6b3af50ad.csv', 7053, 'application/vnd.ms-excel', '6e12c2ff15150d3eb308153987cac7b8', 7, 6, 4, 1, '2013-07-11 23:54:29', '2013-07-12 07:52:48', 0),
(449, '汕头市广大实验学校高2文科质量监测成绩表.csv', '130712150730_28914ec98dfe9bf48dfa4b7484c923a1.csv', 2132, 'application/vnd.ms-excel', '3dd0e60af55bf9f76ce7d38863b6997f', 7, 6, 4, 1, '2013-07-11 23:54:49', '2013-07-12 07:07:47', 2),
(454, '高一.csv', '130713221037_a8a5e93ccfb2820882e61465eabdf65f.csv', 61392, 'application/vnd.ms-excel', '8ce31fac2f6038af2682e72aa73850db', 81, 80, 4, 1, '2013-07-12 01:16:10', '2013-07-13 14:10:42', 0),
(455, '高二理科.csv', '130713220624_045b6d4f3d74c6e4422f95342025f1c1.csv', 24498, 'application/vnd.ms-excel', 'fefe6a8b03c744b1cb9fc4e358cff58d', 81, 80, 4, 1, '2013-07-12 01:16:16', '2013-07-14 10:01:14', 1),
(456, 'xsg2w.csv', '130715102438_xsg2w.csv', 17344, 'text/csv', '898f51f9ab27d5cf3bf0bc1a1f519d4b', 81, 80, 4, 1, '2013-07-12 01:16:22', '2013-07-15 02:24:43', 2),
(457, '高一.csv', '130713112859_a8a5e93ccfb2820882e61465eabdf65f.csv', 9376, 'application/vnd.ms-excel', '14106326b1fbc63bdb8ae1be4214ae1f', 4, 49, 4, 1, '2013-07-12 01:26:43', '2013-07-13 03:58:59', 0),
(458, '高二理科.csv', '130712092706_045b6d4f3d74c6e4422f95342025f1c1.csv', 2521, 'application/vnd.ms-excel', 'adbb82b3a265087bfbd25dd9f24228d6', 4, 49, 4, 1, '2013-07-12 01:27:06', '2013-07-13 03:37:46', 1),
(459, '高二文科.csv', '130713112909_abbd130074e9d784952de9a98f5bac56.csv', 7349, 'application/vnd.ms-excel', 'e9a56feb01efaaf1ebdbed9ee57e7447', 4, 49, 4, 1, '2013-07-12 01:27:15', '2013-07-13 03:38:11', 2),
(460, '0_1_.csv', '130712111540_0_1_.csv', 31941, 'application/vnd.ms-excel', 'bec5b3ccd35e7165560c4070f533759f', 16, 15, 4, 1, '2013-07-12 01:27:56', '2013-07-12 03:15:53', 0),
(461, '高一期末成绩上传.csv', '130712094903_c0faeaa14e8d349c6ffe3f8ae176f752.csv', 24383, 'application/vnd.ms-excel', 'ae16e080a693fdb29e1875b9f3bbdd7c', 44, 43, 4, 1, '2013-07-12 01:40:08', '2013-07-12 01:49:11', 0),
(464, '高一级期末成绩.csv', '130712110459_047332921bf5ed819655fe8bcc801c0f.csv', 51365, 'application/vnd.ms-excel', '14644c9d8fced635841ee5ed9255e4aa', 58, 57, 4, 1, '2013-07-12 01:49:54', '2013-07-12 03:05:11', 0),
(465, '2.csv', '130712183931_2.csv', 6772, 'application/vnd.ms-excel', 'bed940f28d451f3afbbcf67f0b1e3719', 102, 93, 4, 1, '2013-07-12 01:51:02', '2013-07-13 01:46:52', 2),
(466, '高二理科统测市成绩模板.csv', '130712101133_3a17967cc1a92b673a36efe77bc6fc0c.csv', 9618, 'application/vnd.ms-excel', 'ccf75ef1cc2b43247817ada8523f268f', 36, 35, 4, 1, '2013-07-12 01:59:14', '2013-07-14 09:51:38', 1),
(468, '高一.csv', '130713123421_a8a5e93ccfb2820882e61465eabdf65f.csv', 38422, 'application/vnd.ms-excel', '55787aa6266a588fd58447b891bacc4e', 92, 91, 4, 1, '2013-07-12 02:02:43', '2013-07-13 04:34:32', 0),
(469, '高二文科成绩上传.csv', '130712151807_3db3ccd9f58df50c305a81e264f62bd5.csv', 9289, 'application/vnd.ms-excel', 'd1cc08cb5abfb9a8258577a2b9a2cf31', 44, 43, 4, 1, '2013-07-12 02:04:06', '2013-07-12 07:18:13', 2),
(470, '高二理科成绩上传.csv', '130712100517_41a28d146083673497c261c85d687729.csv', 4052, 'application/vnd.ms-excel', 'e35ff6cc1e2bace9c182ac0a36f00c71', 44, 43, 4, 1, '2013-07-12 02:05:17', '2013-07-12 02:05:22', 1),
(471, '0.csv', '130712100906_0.csv', 55931, 'application/vnd.ms-excel', 'ef04f1b633b2cde55694fbff08e4650a', 33, 32, 4, 1, '2013-07-12 02:06:46', '2013-07-12 02:09:21', 0),
(472, '1.csv', '130712101413_1.csv', 28325, 'application/vnd.ms-excel', 'b6b379e173e32a9f12a0307212205623', 33, 32, 4, 1, '2013-07-12 02:14:13', '2013-07-12 02:14:27', 1),
(473, '高一统测市成绩模板.csv', '130712160939_a780ca6916fc6c9e8e582b09c5c193e6.csv', 27502, 'application/vnd.ms-excel', '10936951bce69bb3eb69be05427c9db9', 36, 35, 4, 1, '2013-07-12 02:16:18', '2013-07-12 08:09:55', 0),
(474, '2.csv', '130712162015_2.csv', 21589, 'application/vnd.ms-excel', '42a2f1d498f9c223c9b6cf875f6a4c22', 33, 32, 4, 1, '2013-07-12 02:17:08', '2013-07-12 08:20:25', 2),
(475, '高二理科期末.csv', '130712103208_6bb977ef635b70851275033b970e39b9.csv', 18396, 'application/vnd.ms-excel', '36391edc4b638ef319b74188f2b55c99', 58, 57, 4, 1, '2013-07-12 02:21:47', '2013-07-12 02:32:15', 1),
(477, '2013年金玉中学高一级成绩汇总表.csv', '130712152607_990c180003c6c6fba2de6389b062d0c7.csv', 16104, 'application/octet-stream', '9854b79f40480e9c48f160472eaaadf5', 70, 69, 4, 1, '2013-07-12 02:41:17', '2013-07-12 07:35:40', 0),
(478, '2013年金玉中学高二文科成绩表.csv', '130712153952_4ca2c9e51bfc0171adc23f7508a0860f.csv', 1708, 'application/octet-stream', 'aa98c023a72429e1a4a5af3ebc997a99', 70, 69, 4, 1, '2013-07-12 02:46:49', '2013-07-12 07:42:33', 2),
(479, '高一成绩模板.csv', '130712105126_ef8f013c8f185d73eefee5f152b9aa19.csv', 11071, 'application/octet-stream', 'cc949fbcc2b8c14b7f11475642548494', 66, 65, 4, 1, '2013-07-12 02:51:26', '2013-07-12 02:51:54', 0),
(480, '高一.csv', '130712110147_a8a5e93ccfb2820882e61465eabdf65f.csv', 13745, 'application/vnd.ms-excel', '4d6b465ec7b4e1233dbc5fc217de482c', 47, 46, 4, 1, '2013-07-12 02:53:25', '2013-07-12 03:01:52', 0),
(481, '高二理科.csv', '130712105450_045b6d4f3d74c6e4422f95342025f1c1.csv', 1408, 'application/vnd.ms-excel', '594a6ba0f503c3d32dba08f639a2a22d', 66, 65, 4, 1, '2013-07-12 02:54:50', '2013-07-12 02:55:07', 1),
(482, '高二文科统测市成绩模板.csv', '130712160156_bb79ce2dc0c9ac5e8ad89d351c6fc6d4.csv', 8607, 'application/vnd.ms-excel', 'b2bf22962ccf8d3ffeb75697f1aff3b3', 36, 35, 4, 1, '2013-07-12 02:54:56', '2013-07-12 08:02:01', 2),
(483, '2.csv', '130713110440_2.csv', 2353, 'application/vnd.ms-excel', '2827ec07ff83f9ba93cc9791f8353390', 66, 65, 4, 1, '2013-07-12 02:55:19', '2013-07-13 03:04:55', 2),
(485, '高二理.csv', '130712110200_7f7e047224acf2608913b617ccf2af53.csv', 2741, 'application/vnd.ms-excel', '3aada08f108dac2178bfcc0441247a69', 47, 46, 4, 1, '2013-07-12 03:02:00', '2013-07-12 03:02:04', 1),
(486, '2.csv', '130712145721_2.csv', 8232, 'application/vnd.ms-excel', '7cea6583e5250c6b70f62c8eadf67fed', 47, 46, 4, 1, '2013-07-12 03:02:10', '2013-07-12 06:57:30', 2),
(488, '0.csv', '130712110551_0.csv', 69457, 'application/vnd.ms-excel', 'cf5be8eb91264022bd831b9bbcd46c27', 9, 8, 4, 1, '2013-07-12 03:05:51', '2013-07-12 03:09:03', 0),
(489, '1.csv', '130712111038_1.csv', 47614, 'application/vnd.ms-excel', '948326bb31eb3abe33119b58338e14e8', 9, 8, 4, 1, '2013-07-12 03:09:19', '2013-07-12 03:11:11', 1),
(493, '1.csv', '130712111620_1.csv', 8827, 'application/vnd.ms-excel', 'e7268f0aaf03eebe1f1f28aa6ef536c2', 16, 15, 4, 1, '2013-07-12 03:16:20', '2013-07-12 03:16:50', 1),
(494, '2.csv', '130712111703_2.csv', 12222, 'application/vnd.ms-excel', '156e09b00b1ce8cc828bff72aea3aa3c', 16, 15, 4, 1, '2013-07-12 03:17:03', '2013-07-12 03:17:15', 2),
(495, '0.csv', '130712150100_0.csv', 39218, 'application/vnd.ms-excel', '82773282f34e038a137b0782c4476397', 31, 30, 4, 1, '2013-07-12 03:19:36', '2013-07-12 07:02:29', 0),
(496, '0.csv', '130712112636_0.csv', 26996, 'application/vnd.ms-excel', '38dcb4afe9f8376caa70444d7e3c9b91', 37, 36, 4, 1, '2013-07-12 03:26:36', '2013-07-12 03:27:03', 0),
(497, '1.csv', '130712112839_1.csv', 10966, 'application/vnd.ms-excel', '600f6d5a5b9600bfaaadf400931e33ec', 37, 36, 4, 1, '2013-07-12 03:28:39', '2013-07-12 03:28:48', 1),
(498, '2.csv', '130712112952_2.csv', 10538, 'application/vnd.ms-excel', '3028182556f65bd105a4c6c24bce9802', 37, 36, 4, 1, '2013-07-12 03:29:52', '2013-07-12 03:29:54', 2),
(499, '1.csv', '130712150304_1.csv', 14336, 'application/vnd.ms-excel', '0ff078e556b5ef46f6122a6430081500', 31, 30, 4, 1, '2013-07-12 03:33:16', '2013-07-12 07:03:53', 1),
(500, '2.csv', '130712150741_2.csv', 20351, 'application/vnd.ms-excel', '95982fcb28dec6d33604b59ade1db592', 31, 30, 4, 1, '2013-07-12 03:35:40', '2013-07-12 07:08:31', 2),
(501, '高一成绩_新）.csv', '130712144113_6f5109dad8d2a21aa72b9fbec18006dd.csv', 33438, 'application/vnd.ms-excel', 'd72b8a4800768acdffcee89e013aa84e', 17, 16, 4, 1, '2013-07-12 03:42:44', '2013-07-12 06:41:23', 0),
(502, '高二理科.csv', '130712115350_045b6d4f3d74c6e4422f95342025f1c1.csv', 6703, 'application/vnd.ms-excel', '8d4e66fcaef144c3808637b5c8189b3a', 17, 16, 4, 1, '2013-07-12 03:53:50', '2013-07-12 03:54:19', 1),
(504, '2.csv', '130712115557_2.csv', 13750, 'application/vnd.ms-excel', '5e4e4bef58a3c7224e65eeece0ace6e5', 9, 8, 4, 1, '2013-07-12 03:55:57', '2013-07-12 03:56:16', 2),
(507, '0.csv', '130712130152_0.csv', 11970, 'application/vnd.ms-excel', 'b2799ff4bea75f159832af51a9744621', 34, 33, 4, 1, '2013-07-12 04:45:10', '2013-07-12 05:02:10', 0),
(508, '1.csv', '130712130103_1.csv', 3665, 'application/vnd.ms-excel', 'a532f697153f61feca5a82d2b7d706dd', 34, 33, 4, 1, '2013-07-12 04:50:57', '2013-07-12 05:01:15', 1),
(509, '2.csv', '130712125221_2.csv', 7506, 'application/vnd.ms-excel', 'fe98649c402d130f3cafb0ce957fd596', 34, 33, 4, 1, '2013-07-12 04:52:21', '2013-07-12 04:52:48', 2),
(510, '高一_.csv', '130712141811_ef8476cf800db287d12dac4a3fd42fdf.csv', 44605, 'application/octet-stream', 'b08f7118755d8da87c6a62ccf92e4c0b', 4, 84, 4, 1, '2013-07-12 05:12:54', '2013-07-12 06:41:15', 0),
(511, '高二理.csv', '130712135644_7f7e047224acf2608913b617ccf2af53.csv', 12260, 'application/vnd.ms-excel', '2f6fe39b964f5e6527ea982ebfde3c12', 4, 84, 4, 1, '2013-07-12 05:18:14', '2013-07-12 06:26:44', 1),
(512, '高二文.csv', '130712132526_bf1dc8a38a6691bf819b4bcaabac3834.csv', 13454, 'application/vnd.ms-excel', '01db27a1153e1948edeee1906de0e08d', 85, 84, 4, 1, '2013-07-12 05:24:15', '2013-07-12 06:24:32', 2),
(513, '胪溪中学高一成绩表.csv', '130712140123_6eb88143b3756f22aec8b66c1954a5a0.csv', 37166, 'application/vnd.ms-excel', '9473fb03e713ce74e5e2472b2a848bd5', 4, 86, 4, 1, '2013-07-12 05:33:26', '2013-07-12 06:19:58', 0),
(514, '0.csv', '130712135529_0.csv', 4883, 'application/vnd.ms-excel', '404ba45ec57f8584167be05178bffbf5', 68, 67, 4, 1, '2013-07-12 05:55:29', '2013-07-12 05:56:34', 0),
(515, '2.csv', '130712135656_2.csv', 1060, 'application/vnd.ms-excel', 'dc1a6bc815327b15aef6a763d42db896', 68, 67, 4, 1, '2013-07-12 05:56:56', '2013-07-12 05:57:14', 2),
(516, '2__2_.csv', '130712135738_2__2_.csv', 4012, 'application/vnd.ms-excel', '0b8238591784cbefbbcd48af14791855', 88, 87, 4, 1, '2013-07-12 05:57:38', '2013-07-12 05:57:53', 2),
(517, '1.csv', '130712140238_1.csv', 18661, 'application/vnd.ms-excel', 'c49b9b732bde059b77b0297a6816e8b0', 59, 58, 1, 0, '2013-07-12 05:59:40', '2013-07-12 06:02:38', 0),
(518, '1.csv', '130712140527_1.csv', 18598, 'application/vnd.ms-excel', '62a67eaf9653e4e74e12de2b49482a91', 59, 58, 4, 1, '2013-07-12 06:03:05', '2013-07-12 06:05:43', 1),
(522, '2.csv', '130712142655_2.csv', 9951, 'application/vnd.ms-excel', 'fa719d93dbfaa95c2b01596f7c235ffd', 58, 57, 4, 1, '2013-07-12 06:26:55', '2013-07-12 06:27:01', 2),
(523, '胪溪中学高二文科.csv', '130712143450_db307375d1f078241ac3cf55ee242f74.csv', 12532, 'application/vnd.ms-excel', 'c341a2f3cc0e08f0b480525b4a5ade36', 4, 86, 4, 1, '2013-07-12 06:32:45', '2013-07-12 07:04:50', 2),
(524, '高一.csv', '130712150619_a8a5e93ccfb2820882e61465eabdf65f.csv', 29476, 'application/octet-stream', 'f73da3608458b10ad11b1891ced9c35d', 84, 83, 4, 1, '2013-07-12 06:48:44', '2013-07-12 07:06:48', 0),
(525, '胪溪中学高二理科.csv', '130712145615_1fd5b439543e26514d8eb8a85f9d483d.csv', 7956, 'application/vnd.ms-excel', 'a8f7250e3067efd1a16f212243303531', 4, 86, 4, 1, '2013-07-12 06:52:58', '2013-07-12 07:24:44', 1),
(526, '汕头市广大实验学校高2理科质量监测成绩表.csv', '130712150155_e49ad079ce1e9a849f6fc2446394a252.csv', 1947, 'application/vnd.ms-excel', 'abbb6a07531720cb239885e8a7581cdd', 7, 6, 4, 1, '2013-07-12 06:54:46', '2013-07-12 07:02:04', 1),
(527, '0.csv', '130712150434_0.csv', 24606, 'application/vnd.ms-excel', 'e8c36ec146dfbac2ade9c5a7542335fb', 10, 9, 4, 1, '2013-07-12 07:04:34', '2013-07-12 07:05:04', 0),
(528, '1.csv', '130712150531_1.csv', 20615, 'application/vnd.ms-excel', '76312c885ce2b260b62cbafdc5a262f7', 10, 9, 4, 1, '2013-07-12 07:05:31', '2013-07-12 07:05:55', 1),
(529, '2.csv', '130712150807_2.csv', 14086, 'application/vnd.ms-excel', '57c043382555c2dc1dba54ebf64cfd59', 17, 16, 4, 1, '2013-07-12 07:06:10', '2013-07-12 07:08:20', 2),
(530, '2.csv', '130712152718_2.csv', 7395, 'application/vnd.ms-excel', '0417f565778e62bae526893c6c33d0c3', 10, 9, 4, 1, '2013-07-12 07:06:15', '2013-07-12 07:27:30', 2),
(531, '高二理科.csv', '130712151751_045b6d4f3d74c6e4422f95342025f1c1.csv', 6264, 'application/vnd.ms-excel', 'ca2421af34b138cfb4ac62ef14db3e18', 84, 83, 4, 1, '2013-07-12 07:07:00', '2013-07-12 07:18:12', 1),
(532, '高二文科.csv', '130712150802_abbd130074e9d784952de9a98f5bac56.csv', 14175, 'application/vnd.ms-excel', '539a4d0254cb0586a43e2c76458886f2', 13, 12, 4, 1, '2013-07-12 07:08:02', '2013-07-12 07:27:45', 2),
(533, '高一成绩.csv', '130712150929_9ff82c46ade095ec7d789a00b7091870.csv', 52726, 'application/vnd.ms-excel', 'dfe3410c1025191eb56b0221b522c2db', 56, 55, 4, 1, '2013-07-12 07:09:29', '2013-07-12 07:10:02', 0),
(534, '高二理科成绩.csv', '130712151020_91112fb4039f0acce4dc9f9a95d9e320.csv', 21510, 'application/vnd.ms-excel', 'a028f61c8096d0f531ee6f63736612ba', 56, 55, 4, 1, '2013-07-12 07:10:20', '2013-07-12 07:10:30', 1),
(535, '高二文科成绩.csv', '130712151721_cc92ed89bd3c86db1ff75c10754702ca.csv', 19006, 'application/vnd.ms-excel', 'efb5d37cc41cf76ed79fdf9614bd4852', 56, 55, 4, 1, '2013-07-12 07:10:42', '2013-07-12 07:17:35', 2),
(536, '12-13_第2学期_期末_高一模板.csv', '130724173506_3b557262723ef42aad854a7772886f63.csv', 66784, 'application/vnd.ms-excel', '7cb0b891ad19df0a0de8afa0f80f5890', 39, 38, 4, 1, '2013-07-12 07:10:52', '2013-07-24 09:35:49', 0),
(538, '高二理科成绩模板.csv', '130712151733_65f0c2555c1f8e56923e1759761be01d.csv', 41624, 'application/vnd.ms-excel', 'a8b81152084c74bc2110130446ef3438', 41, 40, 4, 1, '2013-07-12 07:17:33', '2013-07-12 07:18:13', 1),
(539, '2.csv', '130712151941_2.csv', 29590, 'application/vnd.ms-excel', 'f43b9e1d66146b53bee23fb1e8ffa980', 41, 40, 4, 1, '2013-07-12 07:18:33', '2013-07-12 07:20:01', 2),
(540, '高二理模板.csv', '130722221539_b536ef33d25c8bb130f5ac1929f29600.csv', 31741, 'application/vnd.ms-excel', '9b7bc115c073525c96745970ea45efb2', 39, 38, 4, 1, '2013-07-12 07:19:04', '2013-07-22 14:15:53', 1),
(541, '2.csv', '130712152935_2.csv', 6874, 'application/vnd.ms-excel', '86406d5adaa71e0988ed0ff34c2a58b4', 84, 83, 4, 1, '2013-07-12 07:19:12', '2013-07-15 02:19:14', 2),
(543, '高二文模板.csv', '130712152049_158d1d0727103812be6f199c4fe3879e.csv', 21985, 'application/vnd.ms-excel', '7ec3386a209475a2381d1d0fe44e9784', 39, 38, 4, 1, '2013-07-12 07:20:49', '2013-07-12 07:20:52', 2),
(544, '0.csv', '130712152326_0.csv', 69147, 'application/vnd.ms-excel', 'cabf174f52b6c9fdf5baefc03775dcc1', 4, 52, 4, 1, '2013-07-12 07:23:26', '2013-07-12 07:55:19', 0),
(545, '1.csv', '130712152558_1.csv', 41109, 'application/vnd.ms-excel', '4263f0131a817f5d4d781ef30bd54f81', 4, 52, 4, 1, '2013-07-12 07:25:58', '2013-07-12 07:56:32', 1),
(546, '2.csv', '130712153746_2.csv', 14983, 'application/vnd.ms-excel', 'c9953271385aefe68fcca35398f469fa', 4, 52, 4, 1, '2013-07-12 07:27:03', '2013-07-12 08:01:53', 2),
(547, '0.csv', '130712154217_0.csv', 93942, 'application/vnd.ms-excel', '6572654d70ef3b7b3c11581716fc216c', 75, 74, 4, 1, '2013-07-12 07:35:18', '2013-07-12 07:42:46', 0),
(548, '联侨中学高一级.csv', '130712154018_2e0fd062d5c934b29f0a863e0fc59c26.csv', 4029, 'application/vnd.ms-excel', '08218bfb716d672e5642ede9b6f80700', 19, 18, 4, 1, '2013-07-12 07:36:14', '2013-07-12 07:40:22', 0),
(549, '联侨中学高二理.csv', '130712154214_7ae4d97e2eccfac982d4d7311c69c136.csv', 1876, 'application/vnd.ms-excel', '9bfaa144c7542ab003384c81e48137e1', 19, 18, 4, 1, '2013-07-12 07:40:55', '2013-07-12 07:42:20', 1),
(550, '0.csv', '130712160121_0.csv', 11751, 'application/vnd.ms-excel', '78e60b076a04c4fc8a9734f62b5a9bed', 105, 95, 4, 1, '2013-07-12 07:41:01', '2013-07-12 08:20:31', 0),
(551, '联侨中学高二（文）.csv', '130712154828_1ae81c63818d92efaea2a94994888d2c.csv', 1505, 'application/vnd.ms-excel', 'c71a0070950d27425eebf4fa440abc1a', 19, 18, 4, 1, '2013-07-12 07:42:57', '2013-07-12 07:48:34', 2),
(552, '1.csv', '130712154317_1.csv', 37114, 'application/vnd.ms-excel', '37563cab0fd3a38614dd9db3a4536fd0', 75, 74, 4, 1, '2013-07-12 07:43:17', '2013-07-12 07:43:28', 1),
(553, '高一原始成绩录入表_最新_.csv', '130712154318_0997f511e805f7ed08aaaefb7e640d31.csv', 10490, 'application/vnd.ms-excel', '910fe8da617c98ee8abf9e18e3138210', 28, 27, 4, 1, '2013-07-12 07:43:18', '2013-07-12 07:44:47', 0),
(554, '2.csv', '130712154512_2.csv', 29233, 'application/vnd.ms-excel', '586f29f4532cd7be8a851f220a5fc7e4', 75, 74, 4, 1, '2013-07-12 07:43:43', '2013-07-12 07:45:20', 2),
(555, '理科.csv', '130712154539_d5f58abc78b8fc2bf92c8cc55b6dfcd1.csv', 2398, 'application/vnd.ms-excel', '88522902bac455fb076adcb49511e003', 28, 27, 4, 1, '2013-07-12 07:45:39', '2013-07-12 07:46:15', 1),
(556, '文科.csv', '130712161640_ac54ec8c09507baf8e0fee78186b59e7.csv', 8306, 'application/vnd.ms-excel', '4142509a32e9ed5e78602e192d80281a', 28, 27, 4, 1, '2013-07-12 07:46:27', '2013-07-12 08:17:00', 2),
(557, '潮阳一中高一成绩.csv', '130712155712_c16253457786383267ed6e2f873c59c7.csv', 64230, 'application/vnd.ms-excel', 'ec9a3e5103869d5a34bb7f48f4b4809e', 52, 51, 4, 1, '2013-07-12 07:57:12', '2013-07-12 07:57:19', 0),
(558, '潮阳一中高二理科.csv', '130712160229_b4bd50d61c9db8b7aa88136abc40b56b.csv', 52608, 'application/vnd.ms-excel', '4f64a30fc0743bf3f53d57ea7de50177', 52, 51, 4, 1, '2013-07-12 07:57:29', '2013-07-12 08:02:36', 1),
(559, '广东华侨中学高一上报.csv', '130712161119_7878eb31757a65fc22b63cb640e53872.csv', 66224, 'application/octet-stream', '963fe12edadcb34d294007b18b0f0d6d', 3, 2, 4, 1, '2013-07-12 08:00:40', '2013-07-12 08:11:44', 0),
(560, '潮阳一中高二文科.csv', '130712160153_c8c034913c8316b14abdb1f2a6e257ea.csv', 16911, 'application/vnd.ms-excel', '51379a2699b8acdfaf886a3ec1be52a6', 52, 51, 4, 1, '2013-07-12 08:01:53', '2013-07-12 08:02:00', 2),
(561, '0.csv', '130712173019_0.csv', 23970, 'application/vnd.ms-excel', '2b4f8ec25bb1ad422a0176702b0916bb', 26, 25, 4, 1, '2013-07-12 08:02:30', '2013-07-12 09:30:33', 0),
(562, '1.csv', '130713090633_1.csv', 6036, 'application/vnd.ms-excel', '924f9af1a7789d3529165dcd3bf72f9e', 15, 14, 4, 1, '2013-07-12 08:25:57', '2013-07-13 01:06:41', 1),
(563, '2.csv', '130712163105_2.csv', 11140, 'application/octet-stream', 'd38037001ced66a5eeddcd49f5bc3218', 4, 14, 4, 1, '2013-07-12 08:31:05', '2013-07-12 09:01:56', 2),
(564, '0.csv', '130712163750_0.csv', 41315, 'application/vnd.ms-excel', '361aff9376a101af23883eb708795d48', 91, 90, 4, 1, '2013-07-12 08:34:26', '2013-07-12 08:37:56', 0),
(565, '高一成绩模板.csv', '130712165115_ef8f013c8f185d73eefee5f152b9aa19.csv', 66163, 'application/vnd.ms-excel', 'c13dc55a668fcf01e4a2a17910aa5d3a', 21, 20, 4, 1, '2013-07-12 08:37:23', '2013-07-12 08:51:47', 0),
(566, '1.csv', '130712164504_1.csv', 19861, 'application/vnd.ms-excel', '45796d9c494ed67a788fbaf8118c537e', 91, 90, 4, 1, '2013-07-12 08:41:00', '2013-07-12 08:45:18', 1),
(567, '高二理科模板.csv', '130712165520_60a02645012f5631dbf0668a54c9c24b.csv', 27962, 'application/vnd.ms-excel', '0fa1d8d867413de6cec52a34ba2b2404', 21, 20, 4, 1, '2013-07-12 08:43:34', '2013-07-12 08:55:45', 1),
(568, '2.csv', '130712164754_2.csv', 18619, 'application/vnd.ms-excel', 'f68797c315315209a2a4dcfac79423b7', 91, 90, 4, 1, '2013-07-12 08:46:28', '2013-07-12 08:48:30', 2),
(569, '1.csv', '130712164720_1.csv', 6249, 'application/vnd.ms-excel', '12f945ce714870198b0dc4f9c0282b66', 14, 13, 4, 1, '2013-07-12 08:47:20', '2013-07-12 08:47:45', 1),
(570, '2.csv', '130713143939_2.csv', 13552, 'application/vnd.ms-excel', '3ba8fb12170406a9a6952247d269d7fa', 14, 13, 4, 1, '2013-07-12 08:48:02', '2013-07-13 06:39:50', 2),
(571, '高二文科.csv', '130712165603_abbd130074e9d784952de9a98f5bac56.csv', 23620, 'application/vnd.ms-excel', 'a1b0b240ecd1a2a82bdda4d9a3778be5', 21, 20, 4, 1, '2013-07-12 08:56:03', '2013-07-12 08:56:30', 2),
(572, '高一成绩.csv', '130712170325_9ff82c46ade095ec7d789a00b7091870.csv', 34421, 'application/vnd.ms-excel', '54ba197747805db3f312ed2377475df1', 62, 61, 4, 1, '2013-07-12 08:57:14', '2013-07-12 09:03:39', 0),
(573, '高二文科成绩.csv', '130712170405_cc92ed89bd3c86db1ff75c10754702ca.csv', 11252, 'application/vnd.ms-excel', 'cdd5abf78a481337d4ea999c4ad60d40', 62, 61, 4, 1, '2013-07-12 09:04:05', '2013-07-15 02:32:32', 2),
(574, '高二理科成绩.csv', '130712170437_91112fb4039f0acce4dc9f9a95d9e320.csv', 5613, 'application/vnd.ms-excel', '0bb4a259a649f96926095204ac9e2bd9', 62, 61, 4, 1, '2013-07-12 09:04:37', '2013-07-12 09:04:49', 1),
(575, '0.csv', '130712175108_0.csv', 11391, 'application/vnd.ms-excel', '9c5960c9829bf4f6420c7b4f7f67c44f', 60, 59, 4, 1, '2013-07-12 09:06:37', '2013-07-12 09:51:16', 0),
(576, '1.csv', '130712171142_1.csv', 3065, 'application/vnd.ms-excel', 'aba8bc58a8bf5575baf3970d94508197', 60, 59, 4, 1, '2013-07-12 09:07:07', '2013-07-12 09:12:12', 1),
(577, '高一.csv', '130712170748_a8a5e93ccfb2820882e61465eabdf65f.csv', 42231, 'application/vnd.ms-excel', '41c00e669f4bfb66f4a94aa5dbe749e8', 12, 11, 4, 1, '2013-07-12 09:07:48', '2013-07-12 09:08:51', 0),
(578, '高二理.csv', '130712174515_7f7e047224acf2608913b617ccf2af53.csv', 14929, 'application/vnd.ms-excel', 'a2deeeff302f860e5d972f7ccec8475b', 12, 11, 4, 1, '2013-07-12 09:09:55', '2013-07-13 01:28:24', 1),
(579, '2.csv', '130712171906_2.csv', 3859, 'application/vnd.ms-excel', 'b3ee441060c9f1f7ba062b0ceff28984', 60, 59, 4, 1, '2013-07-12 09:19:06', '2013-07-12 09:19:23', 2),
(580, '0.csv', '130712172901_0.csv', 59581, 'application/vnd.ms-excel', '885215abab1aa52833cced7ed8840d22', 40, 39, 4, 1, '2013-07-12 09:29:01', '2013-07-12 09:29:28', 0),
(581, '1.csv', '130712172948_1.csv', 22019, 'application/vnd.ms-excel', '547adeef6941096b8c75a831dcbde83a', 40, 39, 4, 1, '2013-07-12 09:29:48', '2013-07-12 09:30:11', 1),
(582, '2.csv', '130712173023_2.csv', 32761, 'application/vnd.ms-excel', '4ebfd2133ff6a6cdf7463da466cbc213', 40, 39, 4, 1, '2013-07-12 09:30:23', '2013-07-12 09:30:34', 2),
(583, '0.csv', '130712174733_0.csv', 22942, 'application/vnd.ms-excel', '9e9ddd0f8b9d073c7dc1103d65faf799', 14, 13, 4, 1, '2013-07-12 09:33:47', '2013-07-12 09:47:36', 0),
(584, '高二文.csv', '130713083834_bf1dc8a38a6691bf819b4bcaabac3834.csv', 15977, 'application/vnd.ms-excel', 'c38bae9f2f6b4fe6b638f941ba4976f5', 12, 11, 4, 1, '2013-07-12 09:45:50', '2013-07-13 00:38:59', 2),
(585, '高二理科.csv', '130713155522_045b6d4f3d74c6e4422f95342025f1c1.csv', 29694, 'application/vnd.ms-excel', 'e8218f9c8d2385f3ae6b85e1ca178dd7', 3, 2, 4, 1, '2013-07-12 09:47:16', '2013-07-13 07:55:57', 1),
(586, '高二文科.csv', '130713152217_abbd130074e9d784952de9a98f5bac56.csv', 23086, 'application/vnd.ms-excel', '3297d02128625e71c82146a1cc81f680', 3, 2, 4, 1, '2013-07-12 09:48:36', '2013-07-13 07:22:24', 2),
(587, '0.csv', '130712181840_0.csv', 15560, 'application/vnd.ms-excel', 'ca99e26ead52f59eb32f63b5dc982ff4', 63, 62, 4, 1, '2013-07-12 09:59:22', '2013-07-12 10:18:47', 0),
(588, '1.csv', '130712180328_1.csv', 3505, 'application/vnd.ms-excel', '5d24b0a935c92bb886ff5e25d7def303', 63, 62, 4, 1, '2013-07-12 10:03:28', '2013-07-12 10:04:19', 1),
(589, '2.csv', '130712182245_2.csv', 6353, 'application/vnd.ms-excel', '57912d8dfe28ce4499ae21467a286538', 63, 62, 4, 1, '2013-07-12 10:06:11', '2013-07-12 10:22:49', 2),
(590, '高一成绩模板.csv', '130712182951_ef8f013c8f185d73eefee5f152b9aa19.csv', 41599, 'application/vnd.ms-excel', 'f13d278da90a573936e85dbdb16a303c', 69, 68, 4, 1, '2013-07-12 10:13:54', '2013-07-12 10:30:19', 0),
(591, '高二理科成绩模板.csv', '130712184343_65f0c2555c1f8e56923e1759761be01d.csv', 17834, 'application/vnd.ms-excel', '1b12776e28a6558c4660fdcea9ec42ab', 69, 68, 4, 1, '2013-07-12 10:37:12', '2013-07-12 10:44:28', 1),
(592, '1.csv', '130712184317_1.csv', 6667, 'application/vnd.ms-excel', '70a7a3485b691653b2250147327f4fab', 102, 93, 4, 1, '2013-07-12 10:43:17', '2013-07-13 01:46:47', 1),
(593, '2.csv', '130712184755_2.csv', 7068, 'application/vnd.ms-excel', '1ab7856ff1b6c1e97eb43d27f81491c5', 69, 68, 4, 1, '2013-07-12 10:44:46', '2013-07-12 10:48:05', 2),
(594, '0.csv', '130713094604_0.csv', 15974, 'application/vnd.ms-excel', '9aa0d1ca8320e943973dada7d40f36b7', 102, 93, 4, 1, '2013-07-12 10:45:36', '2013-07-13 01:46:38', 0),
(595, '0.csv', '130712191711_0.csv', 19613, 'application/vnd.ms-excel', '5ea3849b8ce87ad009b3d3c77cda5c2f', 18, 17, 4, 1, '2013-07-12 11:05:29', '2013-07-12 11:17:18', 0),
(598, '0.csv', '130712204010_0.csv', 10093, 'application/vnd.ms-excel', 'a7ecd5799ba24c808c9946ef2ba94105', 65, 64, 4, 1, '2013-07-12 12:15:13', '2013-07-12 12:40:20', 0),
(599, '1.csv', '130712204035_1.csv', 3738, 'application/vnd.ms-excel', '91ad14778b75e896a5a6e585dc0eb5ff', 65, 64, 4, 1, '2013-07-12 12:40:35', '2013-07-12 12:40:42', 1),
(600, '2.csv', '130712204331_2.csv', 5043, 'application/vnd.ms-excel', 'd6eacab683ce0ea967cfa328425ac8e3', 65, 64, 4, 1, '2013-07-12 12:40:53', '2013-07-12 12:43:42', 2),
(601, '0.csv', '130712220115_0.csv', 86132, 'application/vnd.ms-excel', '8debc0c231b2b351198507c6ba145380', 54, 53, 4, 1, '2013-07-12 13:24:32', '2013-07-13 02:21:58', 0),
(602, '1.csv', '130712220149_1.csv', 40743, 'application/vnd.ms-excel', 'ccde2e1f4dcf3a71da633014152047fa', 54, 53, 4, 1, '2013-07-12 14:01:49', '2013-07-13 02:22:30', 1),
(603, '2.csv', '130712220433_2.csv', 28468, 'application/vnd.ms-excel', '3f246a2a0f4aaf590222d5cbd4c8801d', 54, 53, 4, 1, '2013-07-12 14:02:20', '2013-07-13 02:22:42', 2),
(604, '（十一中学）高一市统考原始成绩.csv', '130712225058_a45a4320dc41263d620f6d6ba102e6c0.csv', 32129, 'application/vnd.ms-excel', 'd04eb98ef2f18364939478df721a7906', 25, 24, 4, 1, '2013-07-12 14:22:02', '2013-07-12 14:51:14', 0),
(605, '下载高一成绩模板.csv', '130712232826_f3095eb14c008419903aa5ada8332061.csv', 27095, 'application/vnd.ms-excel', '9542f29be7caebe09630ecb39cea2aa6', 30, 29, 4, 1, '2013-07-12 14:41:59', '2013-07-12 15:28:45', 0),
(606, '（十一中学）高二市统考理科原始成绩.csv', '130712230225_7ba6ae64787b2a373581b6b0581fa171.csv', 9021, 'application/vnd.ms-excel', 'fa9ecf0b6b37bbcf1fad31f611c45996', 25, 24, 4, 1, '2013-07-12 14:52:11', '2013-07-12 15:02:37', 1),
(607, '2.csv', '130712232631_2.csv', 14839, 'application/vnd.ms-excel', '673b8784a19ab8d4362b9f516ccbf677', 25, 24, 4, 1, '2013-07-12 15:03:04', '2013-07-12 15:26:53', 2),
(608, '0.csv', '130713120135_0.csv', 18624, 'application/vnd.ms-excel', 'f4d021d49917fa5a5e80212976c4781e', 78, 77, 4, 1, '2013-07-12 15:30:48', '2013-07-13 04:01:46', 0),
(609, '1.csv', '130712234147_1.csv', 8081, 'application/vnd.ms-excel', '09f39c4a1941a926e7710dcb031cefac', 78, 77, 4, 1, '2013-07-12 15:40:30', '2013-07-13 04:01:54', 1),
(610, '下载高二理科成绩模板.csv', '130712234158_d3685a70c39b76d5e7990b2213e5916f.csv', 4560, 'application/vnd.ms-excel', '47dcffdad9724f143a5cfb9e7cd90cb4', 30, 29, 4, 1, '2013-07-12 15:41:58', '2013-07-12 15:42:07', 1),
(611, '2.csv', '130712234814_2.csv', 11697, 'application/vnd.ms-excel', '51ae2d08226539ad13a5e58793faf625', 78, 77, 4, 1, '2013-07-12 15:44:00', '2013-07-13 04:01:59', 2),
(612, '高一成绩.csv', '130713000324_9ff82c46ade095ec7d789a00b7091870.csv', 73878, 'application/vnd.ms-excel', 'e171b4c91f8765c7365d585eacb345f6', 74, 73, 4, 1, '2013-07-12 15:53:30', '2013-07-12 16:03:57', 0),
(613, '2.csv', '130712235619_2.csv', 16532, 'application/vnd.ms-excel', '02ba7ee50b7174cbf4dfb71a8c8afc5d', 30, 29, 4, 1, '2013-07-12 15:56:19', '2013-07-12 15:59:51', 2),
(617, '0.csv', '130713090626_0.csv', 39257, 'application/vnd.ms-excel', '9b1826bd3c338d847f6bd07fe0e52d5c', 90, 89, 4, 1, '2013-07-13 00:23:35', '2013-07-13 01:07:01', 0),
(618, '2.csv', '130713083136_2.csv', 14269, 'application/vnd.ms-excel', 'b866314dc47588d15f3426e200e23130', 59, 58, 4, 1, '2013-07-13 00:26:08', '2013-07-13 00:31:51', 2),
(619, '0.csv', '130713092107_0.csv', 20427, 'application/vnd.ms-excel', '4987c8e6528e7a6c436ea9b83a9d2b3d', 4, 14, 4, 1, '2013-07-13 01:04:55', '2013-07-13 01:49:14', 0),
(620, '高一上传.csv', '130713093154_0fc2e6e4b38127d74ddbd1ceffad491c.csv', 42546, 'application/octet-stream', 'd32fffbd6a044278809def8afcf0b9af', 43, 42, 4, 1, '2013-07-13 01:22:16', '2013-07-13 01:32:09', 0),
(621, '高二理上传.csv', '130713093309_140296481f15936b2407490e716aef74.csv', 11310, 'application/vnd.ms-excel', 'a876b5b08aac113c64ae7958929582b2', 43, 42, 4, 1, '2013-07-13 01:33:09', '2013-07-13 01:33:27', 1),
(622, '高二文上传.csv', '130713093707_3b3390c33811e030314f57eda4c140c6.csv', 19513, 'application/vnd.ms-excel', '129c517f60340dabaaa2f2761006b53a', 43, 42, 4, 1, '2013-07-13 01:33:42', '2013-07-13 01:37:58', 2),
(623, '高一上报准2.csv', '130713100844_81f43daa672f7e4755ccf4e3fb7067c3.csv', 22713, 'application/vnd.ms-excel', '410b82d35617fd28a6d47821d9ab4f2f', 48, 47, 4, 1, '2013-07-13 01:47:34', '2013-07-13 02:08:58', 0),
(624, '1.csv', '130713101049_1.csv', 22966, 'application/vnd.ms-excel', '61aec3481d57c33c916f35f0da81020d', 4, 79, 4, 1, '2013-07-13 02:05:23', '2013-07-14 10:00:24', 1),
(625, '0.csv', '130713101347_0.csv', 49444, 'application/vnd.ms-excel', 'a24e9db86eb19b4e7fd966418f9fa80c', 11, 10, 4, 1, '2013-07-13 02:10:23', '2013-07-13 02:13:56', 0),
(626, '2.csv', '130713102656_2.csv', 17620, 'application/vnd.ms-excel', '22afe288324f183c4658a1c80c1b5d87', 4, 79, 4, 1, '2013-07-13 02:11:39', '2013-07-13 02:44:49', 2),
(627, '1.csv', '130713101415_1.csv', 23917, 'application/vnd.ms-excel', '5359f37c7a32417ca0a5fe6a28505867', 11, 10, 4, 1, '2013-07-13 02:14:15', '2013-07-13 02:14:25', 1),
(628, '2.csv', '130713101627_2.csv', 21552, 'application/vnd.ms-excel', '70bece762234c903fe27e72b2c093237', 11, 10, 4, 1, '2013-07-13 02:14:35', '2013-07-13 02:16:54', 2),
(629, '高一成绩统计.csv', '130713105400_2d4c9fd548dd9eb338298aacdd53c280.csv', 34940, 'application/vnd.ms-excel', '5e4849fd75e96c1296a2be2044dcf528', 42, 41, 4, 1, '2013-07-13 02:27:35', '2013-07-13 02:54:07', 0),
(630, '高二理科成绩模板2.csv', '130713104313_67ff723a0cd3158b982651b5b98e8940.csv', 3661, 'application/vnd.ms-excel', '17c39e08c77e1a848f6a6c56424f5f0f', 48, 47, 4, 1, '2013-07-13 02:39:28', '2013-07-13 02:43:21', 1),
(631, '0.csv', '130713104216_0.csv', 66565, 'application/vnd.ms-excel', '7f9353fbb39d85ba98fa1f1b3c7337bd', 4, 79, 4, 1, '2013-07-13 02:40:44', '2013-07-13 03:12:16', 0),
(632, '高二文科模板2.csv', '130713111331_68880fcf9dfa80308106ceb276074d92.csv', 10431, 'application/vnd.ms-excel', '030fed96de22e03a9642300a1e38a314', 48, 47, 4, 1, '2013-07-13 02:51:33', '2013-07-13 03:13:38', 2),
(633, '高二文科成绩统计.csv', '130713105816_91303123b93cea57e84a1555f7df9d58.csv', 15664, 'application/vnd.ms-excel', '976a1fc5cf0a09b1d1360a770b0fdc05', 42, 41, 4, 1, '2013-07-13 02:56:42', '2013-07-13 02:58:20', 2),
(634, '高二理科成绩统计.csv', '130713105931_a0b78c1effc39d35c7c1c681d0e99d9c.csv', 8569, 'application/vnd.ms-excel', 'f1a82eab05b1556756fba19522daaf3c', 42, 41, 4, 1, '2013-07-13 02:59:31', '2013-07-13 02:59:37', 1),
(635, '高二理科成绩.csv', '130713113437_91112fb4039f0acce4dc9f9a95d9e320.csv', 39397, 'application/vnd.ms-excel', '6ab7c9e5ca6c893ff9c7c07d2826b588', 74, 73, 4, 1, '2013-07-13 03:31:05', '2013-07-13 03:35:23', 1),
(636, '高二文科成绩.csv', '130713122613_cc92ed89bd3c86db1ff75c10754702ca.csv', 19293, 'application/vnd.ms-excel', '60590bdbe047fcbf25f68998b7d31f96', 74, 73, 4, 1, '2013-07-13 04:06:22', '2013-07-13 04:26:21', 2),
(637, '0.csv', '130713132734_0.csv', 46359, 'application/vnd.ms-excel', 'b8864e21130795d29be081ee90d026c3', 27, 26, 4, 1, '2013-07-13 04:17:13', '2013-07-13 05:28:54', 0),
(638, '1.csv', '130713163101_1.csv', 19172, 'application/vnd.ms-excel', '0f4b90812f0e7989d13b3ea6b31007f3', 27, 26, 4, 1, '2013-07-13 04:19:16', '2013-07-13 08:31:08', 1),
(639, '0.csv', '130713152308_0.csv', 55858, 'application/vnd.ms-excel', 'cf61c8080e742966c6ced5a34f8b62c5', 59, 58, 4, 1, '2013-07-13 04:21:05', '2013-07-13 07:23:18', 0),
(640, '0.csv', '130713141253_0.csv', 71711, 'application/vnd.ms-excel', '10c1d8f1c35e2f4b06b7a7244f75c182', 83, 82, 4, 1, '2013-07-13 04:33:43', '2013-07-13 08:51:17', 0),
(641, '高二理.csv', '130713123448_7f7e047224acf2608913b617ccf2af53.csv', 11687, 'application/vnd.ms-excel', '5e3484b672e838780f5a2a4938718aaf', 92, 91, 4, 1, '2013-07-13 04:34:48', '2013-07-13 04:34:53', 1),
(642, '高二文.csv', '130715114524_bf1dc8a38a6691bf819b4bcaabac3834.csv', 13717, 'application/vnd.ms-excel', '336e77091331b95a094e98ad87f8d1bc', 92, 91, 4, 1, '2013-07-13 04:35:02', '2013-07-15 03:45:33', 2),
(643, '1.csv', '130713141322_1.csv', 28891, 'application/vnd.ms-excel', '6988b177e330fd03db207274edb012ef', 83, 82, 4, 1, '2013-07-13 04:38:56', '2013-07-13 08:51:29', 1),
(644, '2.csv', '130713141355_2.csv', 14966, 'application/vnd.ms-excel', 'e01a45ffe02b9ff0a4484467b7c01d1c', 83, 82, 4, 1, '2013-07-13 04:42:09', '2013-07-15 02:19:54', 2),
(645, '1.csv', '130713152120_1.csv', 14701, 'application/vnd.ms-excel', '245e99738ed3edfbb76529c5b0c36577', 55, 54, 4, 1, '2013-07-13 06:13:34', '2013-07-13 07:21:25', 1),
(646, '0.csv', '130713142155_0.csv', 41316, 'application/vnd.ms-excel', 'fe9f9c55a53f96dc55440d56b6e70f16', 55, 54, 4, 1, '2013-07-13 06:19:47', '2013-07-13 11:59:53', 0),
(647, '0.csv', '130713144542_0.csv', 86434, 'application/vnd.ms-excel', 'd84b0f000bc103c004485e69b1c8d35a', 38, 37, 4, 1, '2013-07-13 06:45:42', '2013-07-13 06:45:59', 0),
(648, '1.csv', '130713144617_1.csv', 45011, 'application/vnd.ms-excel', '1acb884799c8f49fb76d04d0cbaa096d', 38, 37, 4, 1, '2013-07-13 06:46:17', '2013-07-13 06:46:40', 1),
(649, '2.csv', '130713150718_2.csv', 22583, 'application/vnd.ms-excel', '1cd6e9e70f79ff7b1018080e05bad36b', 38, 37, 4, 1, '2013-07-13 06:46:48', '2013-07-13 07:07:21', 2),
(650, '2.csv', '130713153915_2.csv', 12045, 'application/vnd.ms-excel', '5eb61ad5850586b208352bb192602bad', 55, 54, 4, 1, '2013-07-13 07:21:36', '2013-07-13 07:39:24', 2),
(651, '高二文科.csv', '130713154440_abbd130074e9d784952de9a98f5bac56.csv', 15782, 'application/octet-stream', '3af65f3c2237e18de8d3597a3f04cddf', 29, 28, 4, 1, '2013-07-13 07:44:40', '2013-07-13 07:45:48', 2),
(652, '高二理科.csv', '130713162116_045b6d4f3d74c6e4422f95342025f1c1.csv', 7537, 'application/vnd.ms-excel', '3e339dae48980742ce5de3430be2f88d', 29, 28, 4, 1, '2013-07-13 07:48:01', '2013-07-13 08:21:25', 1),
(653, '高一全级成绩上传.csv', '130713162930_05841cd28ab55ef459841c8e75774437.csv', 28572, 'application/vnd.ms-excel', '49d6f87ce1004455b2635c971cb69c04', 29, 28, 4, 1, '2013-07-13 08:28:30', '2013-07-13 08:29:46', 0),
(654, 'tpg2w.csv', '130715104825_tpg2w.csv', 22203, 'text/csv', 'cd896d0a4987bc78101880e9751bf25c', 27, 26, 4, NULL, '2013-07-13 08:31:22', '2013-07-15 02:48:25', 2),
(655, '高一成绩登记表.csv', '130713163825_01e3be668f5d2231d8e1b44adb39b11a.csv', 47003, 'application/vnd.ms-excel', '60bb95a576de991d96c12fef26e40567', 76, 75, 4, 1, '2013-07-13 08:33:43', '2013-07-13 08:39:00', 0),
(656, '高二理科成绩登记表.csv', '130713170805_681313f8ec98949eb227eb8ca52142f8.csv', 17087, 'application/vnd.ms-excel', '0ad34a3d23b25cd4e9596d8d3585a412', 76, 75, 4, 1, '2013-07-13 08:35:45', '2013-07-13 09:08:13', 1),
(657, '东厦中学高一级期末成绩.csv', '130713170224_1e6cbd1f73d7acca5f0d643e6e6a473a.csv', 78037, 'application/vnd.ms-excel', '75852e187b00b42a19737b1a900b89e7', 4, 22, 4, 1, '2013-07-13 08:38:44', '2013-07-13 09:15:11', 0),
(658, '东厦中学高二级理科成绩.csv', '130713170134_e844595e24bcc58ace442329ae8294c0.csv', 31933, 'application/vnd.ms-excel', '26598f5dc6719dbeca72042be7444d64', 4, 22, 4, 1, '2013-07-13 08:41:51', '2013-07-13 09:24:35', 1),
(659, '东厦中学高二文科成绩.csv', '130713164241_4282b6551f35659a46a158c7ac7cec98.csv', 29147, 'application/vnd.ms-excel', '4d67de33cb44e6550e0d2c160f3ab9aa', 4, 22, 4, 1, '2013-07-13 08:42:41', '2013-07-13 09:13:01', 2),
(660, '高二文科成绩登记表.csv', '130713170637_7c843d8a2b93521869d09b0081cbf90c.csv', 13255, 'application/octet-stream', 'dafd135b8f2db7535586b0bd82eab03f', 76, 75, 4, 1, '2013-07-13 08:45:10', '2013-07-13 09:06:44', 2),
(661, '0.csv', '130713165252_0.csv', 90509, 'application/vnd.ms-excel', '50d6075aee90e56c7b2b6c37b8ab8113', 82, 81, 4, 1, '2013-07-13 08:52:52', '2013-07-13 08:54:56', 0),
(662, '高一.csv', '130713170252_a8a5e93ccfb2820882e61465eabdf65f.csv', 26530, 'application/vnd.ms-excel', '8d5116923bec9435c20909b729b24e77', 73, 72, 4, 1, '2013-07-13 09:02:52', '2013-07-13 09:03:08', 0),
(663, '0.csv', '130713170854_0.csv', 33936, 'application/vnd.ms-excel', '0a6bba48bce586bc83667b45ce62c29b', 67, 66, 4, 1, '2013-07-13 09:05:59', '2013-07-13 09:09:12', 0),
(664, '高二理科.csv', '130713170809_045b6d4f3d74c6e4422f95342025f1c1.csv', 10760, 'application/vnd.ms-excel', '345ca6ba9628f2731e9f39260abf73ad', 73, 72, 4, 1, '2013-07-13 09:08:09', '2013-07-13 09:08:26', 1),
(665, '高二文科.csv', '130713170903_abbd130074e9d784952de9a98f5bac56.csv', 5025, 'application/vnd.ms-excel', 'c7fb74c39fe1a4904487aca84ffb192f', 73, 72, 4, 1, '2013-07-13 09:08:42', '2013-07-13 09:09:22', 2),
(666, '2.csv', '130713172809_2.csv', 15956, 'application/vnd.ms-excel', 'd95a64c1c728839e34474a184cb49900', 67, 66, 4, 1, '2013-07-13 09:26:29', '2013-07-13 09:28:12', 2),
(667, '1.csv', '130713173125_1.csv', 10597, 'application/vnd.ms-excel', 'fe162d24db3ff63f73ba43bff4361639', 67, 66, 4, 1, '2013-07-13 09:28:26', '2013-07-13 09:31:28', 1),
(668, '高二理科.csv', '130713173004_045b6d4f3d74c6e4422f95342025f1c1.csv', 7155, 'application/vnd.ms-excel', 'a006da4277abe06471526098d4f14e12', 64, 63, 4, 1, '2013-07-13 09:29:00', '2013-07-13 09:30:06', 1),
(670, '2yg2l.csv', '130715101541_2yg2l.csv', 32632, 'text/csv', 'aaf9d2e1c1a0d946969d67b8ac0e1db8', 82, 81, 4, 1, '2013-07-13 09:37:50', '2013-07-15 02:15:47', 1),
(671, '2.csv', '130714101725_2.csv', 26569, 'application/vnd.ms-excel', 'a5660ba63862e7dc9e09211ca8564a4b', 82, 81, 4, 1, '2013-07-13 09:38:19', '2013-07-14 10:02:12', 2),
(673, '高一.csv', '130713175029_a8a5e93ccfb2820882e61465eabdf65f.csv', 31427, 'application/vnd.ms-excel', 'bd4f45359666bb0c8d5fab5df73452bb', 64, 63, 4, 1, '2013-07-13 09:44:48', '2013-07-13 09:50:33', 0),
(674, 'mgg2w.csv', '130715103938_mgg2w.csv', 14002, 'text/csv', '32476f0ccb685e9fec4b0609c0c3a81f', 64, 63, 4, NULL, '2013-07-13 09:56:35', '2013-07-15 02:39:38', 2),
(675, '2.csv', '130713181608_2.csv', 14332, 'application/vnd.ms-excel', '38dc204e2a149ab8355df314d05221a8', 22, 21, 4, 1, '2013-07-13 10:16:08', '2013-07-13 10:16:16', 2),
(676, 'txzx2013.csv', '130713221554_txzx2013.csv', 13999, 'application/vnd.ms-excel', 'c3d37cef6ccf4843724599630749174b', 107, 97, 4, 1, '2013-07-13 13:36:33', '2013-07-13 14:16:07', 0),
(677, '高一.csv', '130713221647_a8a5e93ccfb2820882e61465eabdf65f.csv', 48661, 'application/vnd.ms-excel', 'e50a9761e9a4a2abe46c6e3994960e70', 61, 60, 4, 1, '2013-07-13 13:55:35', '2013-07-13 14:16:58', 0),
(678, '高二理科.csv', '130713221734_045b6d4f3d74c6e4422f95342025f1c1.csv', 4294, 'application/vnd.ms-excel', '79601b7d93f4f64ea66bcf398a063300', 61, 60, 4, 1, '2013-07-13 14:17:34', '2013-07-13 14:17:44', 1),
(679, '高二文科.csv', '130713222052_abbd130074e9d784952de9a98f5bac56.csv', 32074, 'application/vnd.ms-excel', 'a3a2fbe3d17727673160efa3b77c9f5a', 61, 60, 4, 1, '2013-07-13 14:17:54', '2013-07-13 14:20:57', 2),
(680, '2.csv', '130714062111_2.csv', 5375, 'application/vnd.ms-excel', 'bd59270b4dcc3974efe80d4c1fc3271c', 93, 92, 4, 1, '2013-07-13 22:18:21', '2013-07-13 22:21:26', 2),
(681, '0.csv', '130714094131_0.csv', 35762, 'application/vnd.ms-excel', '2c61b0a4b89ab0aa46e3db5d49d87d42', 22, 21, 4, 1, '2013-07-14 01:16:19', '2013-07-14 01:41:39', 0),
(682, '聿怀—高一成绩.csv', '130714094315_ed2ab7636391580cf0e67603eaabb658.csv', 92489, 'application/vnd.ms-excel', '9017e22f02a3967feb1712a669723aa9', 20, 19, 4, 1, '2013-07-14 01:43:15', '2013-07-14 01:43:36', 0),
(683, '1.csv', '130714100604_1.csv', 14231, 'application/vnd.ms-excel', '6f7773392f1504a8c6886a28fab23866', 22, 21, 4, 1, '2013-07-14 01:43:53', '2013-07-14 02:06:08', 1),
(684, '聿怀—高二理科.csv', '130714094404_60e2a55168b4dedc2636a0def8c8fbff.csv', 42170, 'application/vnd.ms-excel', '9406a58d812af1b02f77d5ca2a911d86', 20, 19, 4, 1, '2013-07-14 01:44:04', '2013-07-14 01:45:45', 1),
(685, 'lhg2w.csv', '130715104602_lhg2w.csv', 33523, 'text/csv', '8a5cb83d13caa700f96c9a829ae169a0', 20, 19, 4, 1, '2013-07-14 01:46:03', '2013-07-15 02:46:06', 2),
(686, '高一新校区.csv', '130714101707_0ddf0676733aa4784954c16b414a599f.csv', 89773, 'application/vnd.ms-excel', '18848b14129db4403df24bd2393f4c12', 106, 96, 4, 1, '2013-07-14 02:12:44', '2013-07-14 02:17:34', 0),
(687, '高二新校区（理科）.csv', '130714102252_ebad5bfd2a80323426e6617e3f4c4c38.csv', 44501, 'application/vnd.ms-excel', '50b5fb95243a8b6d8cf933705c061f62', 106, 96, 4, 1, '2013-07-14 02:21:08', '2013-07-14 02:23:05', 1),
(688, '高二新校区（wen科）.csv', '130714102534_5bb4423e757a1c6725461fad7616469c.csv', 20632, 'application/vnd.ms-excel', '0a06ee42765cb8d8a596b4314913556f', 106, 96, 4, 1, '2013-07-14 02:25:34', '2013-07-14 02:25:40', 2),
(689, '高一老校区.csv', '130714102624_2629250cba1a200e0c9e0b73e522f3b2.csv', 45521, 'application/vnd.ms-excel', '594afaafa208b6e8ac6db401aed9befa', 2, 1, 4, 1, '2013-07-14 02:26:24', '2013-07-14 02:26:37', 0),
(690, '复件_高二老校区（理科）.csv', '130714102845_0f91da136ddf62fd7bd6b5e728e2a9ff.csv', 25715, 'application/vnd.ms-excel', 'bff70b826f53b7cc478bd7a22169fd6a', 2, 1, 4, 1, '2013-07-14 02:28:45', '2013-07-14 02:28:51', 1),
(691, '复件_高二老校区（wen科）.csv', '130714103120_10b44f0bada5e289071575da44e62bde.csv', 10186, 'application/vnd.ms-excel', '0266f535130f106c33e68893393f99f4', 2, 1, 4, 1, '2013-07-14 02:31:20', '2013-07-14 02:31:25', 2),
(697, '（潮阳实验学校）教学质量监测高一成绩表.csv', '130714173341_aa7b896f9ebc2eadc00259afeb697cbd.csv', 62297, 'application/vnd.ms-excel', 'c1c171275041431e7790d2273cefbb5c', 71, 70, 4, 1, '2013-07-14 09:33:41', '2013-07-14 09:34:53', 0),
(698, '（潮阳实验学校）教学质量监测高二理科成绩表.csv', '130714173520_9b1cd205cd188b4ebb20020d19e439c6.csv', 41972, 'application/vnd.ms-excel', 'd00b6fd1b08a55acb861098ff83e5945', 71, 70, 4, 1, '2013-07-14 09:35:20', '2013-07-14 09:36:30', 1),
(699, '（潮阳实验学校）教学质量监测高二文科成绩表.csv', '130714173647_2eaccad4c1842ef82932ec48a4b6a6ea.csv', 13667, 'application/vnd.ms-excel', 'cfa903af6215a79a10ff8c418212eda0', 71, 70, 4, 1, '2013-07-14 09:36:47', '2013-07-14 09:37:27', 2),
(700, '高一原始成绩模板.csv', '130714182326_593656f0f31c0b1c125a31ede3a8e03c.csv', 22410, 'application/vnd.ms-excel', '93de6cb158ef075a9aa931ce0de241a3', 24, 23, 4, 1, '2013-07-14 10:04:26', '2013-07-14 10:23:35', 0),
(701, '高二理科原始成绩.csv', '130714182443_f2588fcc0e7d7fe6e6e8923e7e270fd6.csv', 6300, 'application/vnd.ms-excel', '5cc3dfe8ab4b909c26905712e0f049a4', 24, 23, 4, 1, '2013-07-14 10:24:43', '2013-07-14 10:24:55', 1),
(702, '高二文科原始成绩.csv', '130714182643_458a0ea86407ba06a89c78006a7a4e63.csv', 11471, 'application/vnd.ms-excel', '3bc84c7e22a48f2b89849422af1238fd', 24, 23, 4, 1, '2013-07-14 10:26:43', '2013-07-14 10:26:52', 2),
(703, '1.csv', '130719113541_1.csv', 4677, 'application/vnd.ms-excel', '7ec966b868f6979ee176c6667711e818', 18, 17, 4, 1, '2013-07-19 03:35:41', '2013-07-22 10:14:33', 1),
(704, '2.csv', '130719113900_2.csv', 8873, 'application/vnd.ms-excel', '7991a0943f6f11eee4f969fe930f2a89', 18, 17, 4, 1, '2013-07-19 03:39:00', '2013-07-19 03:39:13', 2),
(705, '1.csv', '130731094443_1.csv', 47749, 'application/vnd.ms-excel', '23f3023561d18995de0c716cd5ef6826', 9, 8, 4, 0, '2013-07-31 01:44:43', '2013-07-31 01:44:43', 1),
(706, '2.csv', '130731094503_2.csv', 13775, 'application/vnd.ms-excel', '69eb149913750397bc7404e70a0d8019', 9, 8, 4, 0, '2013-07-31 01:45:03', '2013-07-31 01:45:03', 2),
(707, '1.csv', '130731094544_1.csv', 47749, 'application/vnd.ms-excel', '23f3023561d18995de0c716cd5ef6826', 9, 8, 4, 0, '2013-07-31 01:45:44', '2013-07-31 01:45:44', 1),
(708, '1.csv', '130731094616_1.csv', 47749, 'application/vnd.ms-excel', '23f3023561d18995de0c716cd5ef6826', 9, 8, 4, 0, '2013-07-31 01:46:16', '2013-07-31 01:46:16', 1);

--
-- 转存表中的数据 `settings`
--


--
-- 转存表中的数据 `users`
--

INSERT INTO `users` (`id`, `login`, `name`, `email`, `crypted_password`, `salt`, `created_at`, `updated_at`, `remember_token`, `remember_token_expires_at`, `school_id`, `is_admin`, `qx_id`, `telephone`) VALUES
(1, 'admin', 'admin', 'admin@g.com', '88cf6bbfaa8e47f49993f69e6e12701bea70c837', 'da21066eee8a008b704e8c2ab4e814b282a6451e', '2012-06-15 02:20:06', '2012-06-21 08:58:59', NULL, NULL, NULL, 1, NULL, NULL),
(2, '501001', '501001', 'styzjwc@126.com', '40919aaf743fe8b44a2459bd3bc6510af240ffaf', '32ef4ea89d8d3e872ab6cf6f602cd9cd4283ba77', '2012-06-15 02:27:22', '2013-05-16 07:10:11', NULL, NULL, 1, 0, NULL, ''),
(3, '501003', '501003', 'stcsh301@qq.com', '12a16a0e500b2cc7d40f5a81152a60e88299829d', 'b2a25ad2f5a7c0a36daf1e77a9830a4da0cb4c4d', '2012-06-15 02:27:22', '2013-05-17 02:48:00', NULL, NULL, 2, 0, NULL, '13302749084'),
(4, '501004', '严雄文', 'gyzyzx@126.com', 'e82c4e85b1b2192cd53828b6ea04ef6a9a742cf7', '934c4de15c55743d2d3d640abcbb1dd9da670ffc', '2012-06-15 02:27:22', '2013-05-20 10:19:24', NULL, NULL, 3, 0, NULL, '13670499176'),
(5, '501009', '501009', '501009@g.com', '97b269a784c27134786898da92731638207c572c', 'bcb574ea9da4da4cc38586d5558b21752c2c11a4', '2012-06-15 02:27:22', '2012-06-18 03:07:38', NULL, NULL, 4, 0, NULL, NULL),
(7, '501019', '詹益得', 'yidezhan@126.com', 'f43f0befabf3ade3bac7b5e72d326cb878b09198', '86da25ae6f36e0ae0090477a197dc88752f2e8e8', '2012-06-15 02:27:22', '2013-05-15 12:46:18', NULL, NULL, 6, 0, NULL, '13502752693'),
(8, '501020', '501020', '501020@g.com', 'cec706e995c1ab6af13b7ab0fd83ae472a5ca44d', 'af7847c1bd490d6e9910c64e2703ea48defeb54a', '2012-06-15 02:27:22', '2012-06-18 03:07:38', NULL, NULL, 7, 0, NULL, NULL),
(9, '512018', '512018', 'jszxjw@126.com', '93313f04d46560ced58e39bb3ce3666f30744536', '5b89b0966bced13f690bccecc8d6e5e5b76da204', '2012-06-15 02:27:22', '2012-06-21 01:38:08', NULL, NULL, 8, 0, NULL, NULL),
(10, '512019', '512019', '512019@g.com', '50353e2974d3403c59eb030dd5e19d30adab9aea', '14ede476787f6905cddc970e8f5f940ade56020c', '2012-06-15 02:27:22', '2012-06-21 06:52:48', NULL, NULL, 9, 0, NULL, NULL),
(11, '507001', '507001', 'xsc0601@126.com', '590680c526320eaa71bf6043dfe9f92f3b69b587', '71c46b024c962227fd405953df2586547b1f9908', '2012-06-15 02:27:22', '2013-01-17 09:17:10', NULL, NULL, 10, 0, NULL, NULL),
(12, '507002', '507002', '507002@g.com', '6c9e4246b0a30daf0923644a6fa9e9ee234ab875', '40538d4ac159f5b4052c35c7521ae7c018e9102e', '2012-06-15 02:27:22', '2013-01-19 03:40:55', NULL, NULL, 11, 0, NULL, NULL),
(13, '507003', '507003', '507003@g.com', 'dd2565ab621c60c061ec20dca48cb8b002a4f3a8', '9648736989a165ac472183a855e15a004b2a492c', '2012-06-15 02:27:22', '2012-06-18 03:07:38', NULL, NULL, 12, 0, NULL, NULL),
(14, '507004', '507004', '507004@g.com', 'cb18281e9087e665439866798bc616bc6f850138', '81770c31c77395d7a3e774b215920ae3e85d7596', '2012-06-15 02:27:22', '2012-06-18 03:07:38', NULL, NULL, 13, 0, NULL, NULL),
(15, '507005', '倪隆金', 'yzjdc2006@163.com', '99296dc904adb9a0c46b7c6f63f4157679172cd5', '167180ff6df6c01237291031d4e94778a3d9c504', '2012-06-15 02:27:22', '2013-05-17 08:08:12', NULL, NULL, 14, 0, NULL, '13421886817'),
(16, '507006', '507006', '507006@g.com', '2987c6b3586bdc3d997620ae5f7a87cb9cba8260', '8e2e9d3e59009b82dbba919aee61de318a4d6057', '2012-06-15 02:27:22', '2012-06-18 03:07:38', NULL, NULL, 15, 0, NULL, NULL),
(17, '507007', '507007', '507007@g.com', 'b969ab6997036f24da94dac37c43cbab02157e61', 'be835e2db7e7fa18484bbfb4d2ebc4066ba90e4f', '2012-06-15 02:27:22', '2012-06-25 00:21:36', NULL, NULL, 16, 0, NULL, NULL),
(18, '507008', '肖泽锋', 'jtzxjys@163.com', 'a0556d6c596f02454e0dfdb47bb65596725eb22f', 'bb0b6faa0af9064b111539ec95db4a3f1b00d3c4', '2012-06-15 02:27:22', '2013-07-12 11:47:11', NULL, NULL, 17, 0, NULL, '15914750410'),
(19, '507009', '章南燕', '375173447@qq.com', '00b834fcb48832701659408f82a22c9cded3b8f9', '05e88df21ac41d4911bc892daaa9321918c047be', '2012-06-15 02:27:22', '2013-05-23 02:34:56', NULL, NULL, 18, 0, NULL, '13556393253'),
(20, '511001', '林晓博', '381528539@qq.com', 'e454bb0949310d6a2476c4cc2f4b9b997a2c1b74', '001bc967b721d37e7ee697c2c1b5447443ccdbea', '2012-06-15 02:27:22', '2013-07-16 07:19:24', NULL, NULL, 19, 0, NULL, '13623068867'),
(21, '511002', '511002', 'stlcr@163.com', '767e9e4bc8f0b5e32549d64c76c6c0dddb151dc5', 'd228679e96f8208e905fbe9ed8608d81903d57b7', '2012-06-15 02:27:22', '2013-05-20 00:40:30', NULL, NULL, 20, 0, NULL, '13536823113'),
(22, '511003', '511003', '511003@g.com', '6fa581415c52148f2803e9e1888c93041ea2b825', 'e6fd6ae5b5743d0dd0912b10321b7960b9c9cfd4', '2012-06-15 02:27:22', '2012-06-18 03:07:38', NULL, NULL, 21, 0, NULL, NULL),
(23, '511004', '511004', '511004@g.com', '5f22cbfc4fcf9970bed8235399f0b0dd7389b7c8', '572ee2c452f4948ec7d64273ee339a658476d925', '2012-06-15 02:27:22', '2012-07-08 10:09:08', NULL, NULL, 22, 0, NULL, NULL),
(24, '511005', '511005', '511005@g.com', '5ef9627113b24395800e8058ffbe6500eb233367', '66c1f36e410f65a96c031d32b169004cae397a0f', '2012-06-15 02:27:22', '2012-07-13 02:53:03', NULL, NULL, 23, 0, NULL, NULL),
(25, '511006', '陈玫祥', 'st11zx@163.com', 'fc96c7a97d844f506e77260f5e617bf18841ebd8', '01fa03ac9ae5250df841c4efba97676777368f37', '2012-06-15 02:27:22', '2013-05-20 02:39:55', NULL, NULL, 24, 0, NULL, '13433885825'),
(26, '511007', '511007', 'stdsezx@126.com', '304c18bac44ead5fbd5864e35afee9e5b606a811', '58c639330e57fc7a9afb7d2b37be8cc412dc43ea', '2012-06-15 02:27:22', '2013-05-28 02:40:15', NULL, NULL, 25, 0, NULL, ''),
(27, '511008', '林德城', 'tpzxjy@163.com', 'f95467468b0ba55661ff0894817f7d9420144c83', 'b31c36d042977800fec505d21502afbc35a4062b', '2012-06-15 02:27:22', '2013-07-15 02:47:56', NULL, NULL, 26, 0, NULL, '13670418527'),
(28, '511009', '511009', '511009@g.com', 'e3a6c01702b9a5829e1ce103fbf39e1640d08a6f', '2068b1d880f8f619f7a3cda84c5ff85b50b061fe', '2012-06-15 02:27:22', '2012-06-18 03:07:38', NULL, NULL, 27, 0, NULL, NULL),
(29, '511010', '511010', '511010@g.com', '15ab79b6a689a2e720340d460e66ad1ae7ab6aa5', '2391d935f17f729ae52ea4c1b3157bed7beb44a3', '2012-06-15 02:27:22', '2012-06-21 07:42:42', NULL, NULL, 28, 0, NULL, NULL),
(30, '511012', '黄群欢', 'tzzxjwc@126.com', '43c9ee16e4f0e5e459ff3d36df45c2c8d52197d0', '656aeba578f595519eeda56cc91267d790c799f8', '2012-06-15 02:27:22', '2013-05-21 13:40:58', NULL, NULL, 29, 0, NULL, '13553396699'),
(31, '511013', '巫晓敏', 'jxzxjdc@126.com', 'b5750f766e2955215cb5163af7ef03e148e5c96f', 'ee63b6a77f2533837a6e0924822cf71d49191416', '2012-06-15 02:27:22', '2013-05-22 00:16:13', NULL, NULL, 30, 0, NULL, '18688025204'),
(32, '512001', '512001', '512001@g.com', '1322086863045351df768b05dc5aeed013663a9c', 'b94b88438626a5f0c161ebb6272f4ce54f826c78', '2012-06-15 02:27:22', '2013-07-15 02:52:59', NULL, NULL, 31, 0, NULL, NULL),
(33, '512002', '512002', 'hpzxjdc@126.com', '8d7a614223880f4228ef61b3662a695ab5d0bed5', '0ed9863c392042bb5c7796eab42a2b526c875303', '2012-06-15 02:27:22', '2012-06-21 02:20:38', NULL, NULL, 32, 0, NULL, NULL),
(34, '512003', '512003', '512003@g.com', '38a960fd20063772af539f923257a30e6a90e470', '81c2690272b7bff3eb9827047c8cdcefb9e4a6bd', '2012-06-15 02:27:22', '2012-06-22 02:05:29', NULL, NULL, 33, 0, NULL, NULL),
(35, '512004', '512004', '512004@g.com', 'a56baf40256bd4519f9b552f1f73dfa0382b4b7c', 'b9741363e74889058d9eb63e32da7f1ab73951a7', '2012-06-15 02:27:22', '2013-07-15 01:59:05', NULL, NULL, 34, 0, NULL, NULL),
(36, '512005', '周奕珊', 'dzjdcyx@163.com', '7158d4ae2e60d6e10d0d36a31d7de6e2f8fe2285', 'bda61803a9e30e600f29f4deff23765bf48e2e40', '2012-06-15 02:27:22', '2013-05-17 07:10:28', NULL, NULL, 35, 0, NULL, '13546838708'),
(37, '512007', '512007', '512007@g.com', '55c3328a5c23b152f040d055998a2e43bc2fb290', 'd3a8f8d80e8e480c0a3ec7d3e7c5034c3909d7fd', '2012-06-15 02:27:22', '2012-06-18 03:07:38', NULL, NULL, 36, 0, NULL, NULL),
(38, '515001', '王伟鹏', '109657891@qq.com', '9cf0cf918d298b863dadcb250f8a5012096a0d92', '351dd609e99ffab6b9ae32e32a284d9919840cd6', '2012-06-15 02:27:22', '2013-05-20 23:52:25', NULL, NULL, 37, 0, NULL, '13715975852'),
(39, '515002', '唐振华', 'tzh426@163.com', '83c896037670631715170742138256c41a4891b0', 'cad42084e1121df31c7c026d48d0ee877893d1d3', '2012-06-15 02:27:22', '2013-05-15 08:49:54', NULL, NULL, 38, 0, NULL, '13715923591'),
(40, '515003', '515003', '515003@g.com', 'f99601c17838ccd499ba68ee09bcaa52dfc1ac19', '79f52c048071cd9fa08602e569465ef6436dab5a', '2012-06-15 02:27:22', '2012-06-21 06:37:34', NULL, NULL, 39, 0, NULL, NULL),
(41, '515004', '515004', 'chsygzjwc@yahoo.com.cn', '7e063f09efd05494ec70615cc9648ef6b160ccca', '7063990bd8f041a18f3708a54d7d2074f07b611d', '2012-06-15 02:27:22', '2012-07-07 02:51:08', NULL, NULL, 40, 0, NULL, NULL),
(42, '515005', '515005', 'lyzxjwc@126.com', 'e336eb4b00de89d167a9e4d1b66a09fb62c1d50a', '0a5d9a0812f5c4d306a556e14d033bd94b3b78ad', '2012-06-15 02:27:22', '2013-05-23 01:43:33', NULL, NULL, 41, 0, NULL, '13600136395'),
(43, '515006', '涂喜忠', 'dlzxjwc@126.com', '2cbe0f0a9e1efbb0f8a22bba752673fd793aae25', '963f679298b66cb68bb8d02ce46655dce7b3223c', '2012-06-15 02:27:22', '2013-05-20 02:00:03', NULL, NULL, 42, 0, NULL, '13433803622'),
(44, '515007', '515007', '515007@g.com', 'a8e1348ebaee597c80df5349bcf338b27793bd28', '313813f1551326af7ba055cd25a18a7f16145ddb', '2012-06-15 02:27:22', '2012-06-18 03:07:38', NULL, NULL, 43, 0, NULL, NULL),
(45, '515008', '515008', '515008@g.com', '83c4c26bbc172d44dbfede3874f6505db8a2854c', '4638b0765e5ace43656085d0ae8ae75b923ccc80', '2012-06-15 02:27:22', '2013-07-15 02:59:02', NULL, NULL, 44, 0, NULL, NULL),
(46, '515009', '澄华中学', 'chzx5879091@163.com', '3c34f96dbf58d2d7480ed56b4aa2bd215191af1a', '047b3477812653ad713d79f2201a2197a8165f28', '2012-06-15 02:27:22', '2013-05-17 02:17:54', NULL, NULL, 45, 0, NULL, '13612394001'),
(47, '515010', '李和忠', 'lwzx773@163.com', '396fd20cde379bd695edf623d890b1b1e4759b10', '83b07d9cf07daa3ad3e8df0db99444cf8a7f778e', '2012-06-15 02:27:22', '2013-05-20 01:54:24', NULL, NULL, 46, 0, NULL, '13531176800'),
(48, '515011', '林文生', 'xzpldzx@163.com', '7726db577f24ec122f4c49637aa30edde4d043d9', '37433660fc10bef66662e806737bff90ee2559c7', '2012-06-15 02:27:22', '2013-05-16 03:17:06', NULL, NULL, 47, 0, NULL, '15916688061'),
(49, '515012', '谢育民', 'stchsw@126.com', 'c080d8b0544d843d4a6367e063a3390de2b151b3', 'bbfa88a0f7d8d6f0b9b31c00a9f4aa61bc1dbe10', '2012-06-15 02:27:22', '2013-05-18 01:27:14', NULL, NULL, 48, 0, NULL, '13715957345'),
(50, '515013', '515013', '515013@g.com', '0629de706b7ed997fadcf46820185a6043b94fb6', '616e88f57613388230e8be682136dba1fea405a0', '2012-06-15 02:27:22', '2012-06-18 03:07:38', NULL, NULL, 49, 0, NULL, NULL),
(51, '515014', '林锦湖', '835193586@qq.com', '3ecef4f40fc4e89d66b3b8ebd415efa4b2085748', '1702bcd8ec4b02f32cafd86ac708ca7ebdc0728e', '2012-06-15 02:27:22', '2013-05-16 02:28:29', NULL, NULL, 50, 0, NULL, '13670510310'),
(52, '513001', '513001', 'cyyzjwc@126.com', '3a28981216fb5fdbf26e5ab082cd4d585aa06c06', '72bb0b1f6f7390aed2d63edc021ff8f7a2435167', '2012-06-15 02:27:22', '2013-01-11 07:25:32', NULL, NULL, 51, 0, NULL, NULL),
(53, '513002', '513002', 'cylbxjys@qq.com', '1a2c751e812236e99f01427afe9004ee6ad284a9', 'ddda1fd0bdf02b9d8846bc7584a015e10762702a', '2012-06-15 02:27:22', '2013-05-21 08:32:23', NULL, NULL, 52, 0, NULL, '0754-83838420'),
(54, '513003', '513003', 'jiaozi2001@qq.com', '09ea93f8b02713e7490a1e7f43cf22f3db62bb4d', '7f54c7c5b5440e0c30a09c7ee5669607c43ac844', '2012-06-15 02:27:22', '2013-05-21 07:49:07', NULL, NULL, 53, 0, NULL, '13592806198'),
(55, '513005', '张如城', 'mczxjdc@163.com', 'f36b6a19596a21145dfdaf4302357f4f1f768687', '05aeee8777a24d223e97456824b6a5012e22aec8', '2012-06-15 02:27:22', '2013-05-20 01:08:03', NULL, NULL, 54, 0, NULL, '13539662274'),
(56, '513006', '黄丽霞', '843562820@qq.com', '0c7cafe6a8350eeb35ec0b0fc20482af2a91153d', '83a41ba0bc119622e347c49dad29ed1a27d1b6aa', '2012-06-15 02:27:22', '2013-05-21 02:54:48', NULL, NULL, 55, 0, NULL, '13670313828'),
(57, '513007', '513007', '513007@g.com', '3db8ea5de32e7507df3ad33603d5f32db0a8076c', 'c9f6bc8f9629976fbfa9cccbb2824dfe9680bbdd', '2012-06-15 02:27:22', '2013-07-15 02:35:52', NULL, NULL, 56, 0, NULL, '15918949057'),
(58, '513008', '513008', '513008@g.com', 'ff56491d86decaeb075500f81f0218586c99e02f', '69d149ab83ddad75eee137cae7aa96b9ddd70f59', '2012-06-15 02:27:22', '2012-06-28 00:28:04', NULL, NULL, 57, 0, NULL, NULL),
(59, '513009', '513009', '513009@g.com', '32b61a4ab0893e7032e052e5d5a65182906dbe5a', 'bbd03d9e5efd2ee0a617f5d4f5bbd0c4fb020600', '2012-06-15 02:27:22', '2013-01-18 04:47:10', NULL, NULL, 58, 0, NULL, NULL),
(60, '513010', '黄楷充', 'vipxlzx@163.com', '21d35565ff4362e3e12fbea4a5a3b7e3c4019ee6', 'a1b29acb88691be44a59740df672dbb28e3cff57', '2012-06-15 02:27:22', '2013-05-17 08:02:54', NULL, NULL, 59, 0, NULL, '13556461536'),
(61, '513011', '513011', '513011@g.com', 'e21bb7e7d2d0d84e4ce578436decf0d65b48c917', '1d0f8aa712f0e55adbe6dfd0a46f215b33b073ac', '2012-06-15 02:27:22', '2013-01-18 01:46:50', NULL, NULL, 60, 0, NULL, NULL),
(62, '513012', '513012', '513012@g.com', '5a79541741a776814d5a16ea4a1f087d114f4d3b', 'e946c2d487d056a20e537980f5e9cecfbe1b7d59', '2012-06-15 02:27:22', '2012-06-18 03:07:38', NULL, NULL, 61, 0, NULL, NULL),
(63, '513013', '513013', 'cyhmzx@yahoo.com.cn', '4daf6fd0d5e6bcb14db48ed2ca16e9f72cec3801', '73f7280ce19462709b68590ddbc9386b5117d0f2', '2012-06-15 02:27:22', '2012-06-27 09:55:40', NULL, NULL, 62, 0, NULL, NULL),
(64, '513014', '513014', '513014@g.com', '8916044ba7bc9d531751b0013e15063b50dd22ab', 'cb072f5e685e0d44b7e3bd08cd139cd1f65fb0dd', '2012-06-15 02:27:22', '2013-07-15 02:38:48', NULL, NULL, 63, 0, NULL, '13750434792'),
(65, '513016', '513016', '513016@g.com', 'd3dba26b13e7615030b3dfa6259c569519ce8c4d', '1269d1d089191ea4245ab489aa09e8dc76ae3446', '2012-06-15 02:27:22', '2012-06-26 08:33:26', NULL, NULL, 64, 0, NULL, NULL),
(66, '513017', '513017', '513017@g.com', '87f646275c98cab86ce279b1a75e2054f18e89fa', '543cab629a83f697a7fa8cbf0261594a5f27907c', '2012-06-15 02:27:22', '2012-06-18 03:07:38', NULL, NULL, 65, 0, NULL, NULL),
(67, '513020', '513020', '513020@g.com', 'd26397856573cccefb2859e07f8d6e888df69cef', 'c490a701d860bb13fcb7e1f9cdf9105a69b32758', '2012-06-15 02:27:22', '2012-07-12 01:40:09', NULL, NULL, 66, 0, NULL, NULL),
(68, '513039', '郭裕鹏', 'cygyzx@163.com', 'e3a1c7a0aeaa91ef665890ebf31363cf7e255629', 'fbce6565e57486c80e8d34fb736db67637e13c3c', '2012-06-15 02:27:22', '2013-05-17 05:15:26', NULL, NULL, 67, 0, NULL, '13539695278'),
(69, '513043', '513043', 'cyedu_hxzx@126.com', '53eefbcbbce73ecdae153a8fbfb0733d5081cd48', '4a9238b4705171f23e77b55be97a891b67614d5e', '2012-06-15 02:27:22', '2013-07-04 14:34:43', NULL, NULL, 68, 0, NULL, ''),
(70, '513059', '蔡子玲', '75007451@qq.com', 'dc2b2fb61b73d38b7aade1f89129613c53fbe59d', 'db98ad86b627c788b83db44e44323ca03f1e857a', '2012-06-15 02:27:22', '2013-05-20 01:11:10', NULL, NULL, 69, 0, NULL, '15815303860'),
(71, '513065', '513065', '513065@g.com', 'ce4003487c62694cb0575dbff4e4ed81cf417c77', 'a9c5d74e0fbd646df583576f238c09afb7ff16b4', '2012-06-15 02:27:22', '2012-06-18 03:07:38', NULL, NULL, 70, 0, NULL, NULL),
(72, '513066', '513066', '513066@g.com', '81b62ac3e7d2b4293bb7c0fb3cf8698557b7b7be', '5d588a86310c33395b478c026421efaccabbd24b', '2012-06-15 02:27:22', '2013-01-18 02:31:37', NULL, NULL, 71, 0, NULL, NULL),
(73, '513067', '周长永', '306618956@qq.com', 'e07b550e920e38733ae5e4e63290aaf415ae7b6b', '906d823c8846e4772f79adcc1c1cd27abe14611c', '2012-06-15 02:27:22', '2013-05-20 09:29:07', NULL, NULL, 72, 0, NULL, '13682796114'),
(74, '513071', '513071', '371062679@qq.com', '82ebfc46cceb6fb834147e1e5b0502ef5a6e5e04', '0b611c8202829301c0bb0f16d979b8a407bdf01b', '2012-06-15 02:27:22', '2013-05-17 10:09:18', NULL, NULL, 73, 0, NULL, '15913929284'),
(75, '513076', '卢春泉', 'jblcq@sina.com', '73646e2e34d7863dc2495489ec495cd32b843922', '5ec77dbaf13d3b711bd560779c3418d9377a09b2', '2012-06-15 02:27:22', '2013-05-20 00:46:25', NULL, NULL, 74, 0, NULL, '13727671669'),
(76, '513078', '潮阳一中明光学校', '513078@g.com', '1daf2e30ff1559abd54d9a33084bc3fd8dd715e1', '09745702a5f9757aeca891d751895190270a1a87', '2012-06-15 02:27:22', '2013-05-24 04:17:53', NULL, NULL, 75, 0, NULL, '13536940388'),
(77, '513084', '513084', '513084@g.com', '979bf91aab1de1ed7e18a15a07db566a4eb5ba8f', '0c4c47bde7bcce46b6d15143143f0b4423c0e6cd', '2012-06-15 02:27:22', '2012-06-18 03:07:38', NULL, NULL, 76, 0, NULL, NULL),
(78, '513086', '513086', '513086@g.com', '118d6903ef14c6e506d479ca7591967df0d4069e', 'd115de60a83f892d82c3e81439149d474d8d2bf2', '2012-06-15 02:27:22', '2012-06-18 03:07:38', NULL, NULL, 77, 0, NULL, NULL),
(79, '514001', '514001', 'gdstldzx@126.com', '1cfc66b02c15f1270aa2416a8aefe5c3c6ef2829', 'b151d3c6fdce9fa35f6469ef3c9a7815c0035e6b', '2012-06-15 02:27:22', '2013-07-15 02:08:13', NULL, NULL, 78, 0, NULL, ''),
(80, '514002', '514002', '514002@g.com', '18ef6b8b82c45a86a6aef237c7eb9127e397ced7', 'e4040fd3373706c5ecc43ce71abe2080cbb577f3', '2012-06-15 02:27:22', '2012-06-18 03:07:38', NULL, NULL, 79, 0, NULL, NULL),
(81, '514003', '514003', '514003@g.com', '83a567467d9e98e535b35bac180864a5b00ef101', '84cf9e40563c85327a9e28ad684f6f53d558ac5a', '2012-06-15 02:27:22', '2013-07-15 02:23:59', NULL, NULL, 80, 0, NULL, NULL),
(82, '514004', '514004', '514004@g.com', '6b9fb961e2264e4c768720d2ce5031635157238f', 'b2a90ef5d8d6487ef634c482c355aae594c178ac', '2012-06-15 02:27:22', '2013-07-15 02:14:57', NULL, NULL, 81, 0, NULL, NULL),
(83, '514005', '马修杰', '254819453@qq.com', '40079af512ef960fe0736445e15e088991132c2e', 'c7cd71fe330baf43a31595538f88dbbfdd1a4c49', '2012-06-15 02:27:22', '2013-05-17 23:49:49', NULL, NULL, 82, 0, NULL, '13417061786'),
(84, '514006', '514006', '514006@g.com', '33c3748374cb0b7d219bed1c011d91f65c64d1a4', '476db368e080fdefcb8abba5436461fe9146bc2d', '2012-06-15 02:27:22', '2012-06-21 23:06:28', NULL, NULL, 83, 0, NULL, NULL),
(85, '514007', '514007', 'smpzx@163.com', 'be5592ab04a08a4cc4719f28f4d636adaeff56c6', 'bec29b491a9b7c67d1ee1d07513e91ddea7a3a7d', '2012-06-15 02:27:22', '2013-05-17 01:38:23', NULL, NULL, 84, 0, NULL, '15018351410'),
(86, '514008', '周修宏', '13542802677@163.com', '93a3d88261b62e41c25f11b4c7c7ea261d11dbf5', 'af25ada6875cac77981c932135dede046d0887e7', '2012-06-15 02:27:22', '2013-05-22 01:06:07', NULL, NULL, 85, 0, NULL, '13542802677'),
(87, '514009', '吴耿生', 'lxzxgzb@163.com', 'e9ffa05bddd58ae209becbc7afd819363b5e4ecc', '6ea6ce3935a14e3696260dc2103a9370fba5b532', '2012-06-15 02:27:22', '2013-05-24 01:15:13', NULL, NULL, 86, 0, NULL, '13790825432'),
(88, '514010', '514010', '357440897@qq.com', 'e432c5692c8261c01d161900a846f380602f582d', 'f93f01465331faea391f25e7bd3df6f7ceeb6b9e', '2012-06-15 02:27:23', '2013-07-11 09:11:30', NULL, NULL, 87, 0, NULL, '15915526545'),
(89, '514011', '陈洁忠', 'cnqdszxjdc@163.com', '624500a4e2414e5d65c5226f10372a3de29c3b02', 'ef57b4ed667b84507f72c338f9685a3523decb3f', '2012-06-15 02:27:23', '2013-05-16 02:55:27', NULL, NULL, 88, 0, NULL, '13546892233'),
(90, '514012', '郑伟南', '547772360@qq.com', 'a7fb58b6d37be3269147437632b54466d0e256a5', '0484258fb0c8e42a90f283928a45f37ebb94ebe6', '2012-06-15 02:27:23', '2013-05-16 07:04:06', NULL, NULL, 89, 0, NULL, '13433827198'),
(91, '523001', '523001', '523001@g.com', 'aae3ef529414b7bdaa189daf07b787a145c92e20', 'c15530b8cd451055b145fce0baefa476425660d2', '2012-06-15 02:27:23', '2012-06-18 03:07:38', NULL, NULL, 90, 0, NULL, NULL),
(92, '501005', '李秀琴', 'stlxq@126.com', 'df12941231857d79bed4dddc1659a931c1dd3c5d', NULL, NULL, '2013-07-04 02:37:24', NULL, NULL, 91, 0, NULL, '13923989317'),
(93, '514013', '514013', 'cnsyxx2011@163.com', '89393addf636194ac08c8f6d849572f45ebda958', '60025d5c1c2f3bffc6e880b3c92a05c1478e1e1e', '2012-06-19 01:20:23', '2013-01-01 13:37:52', NULL, NULL, 92, 0, NULL, NULL),
(94, '501', '王五', '501@g.com', '7fb63fd2413ae33c1b9777569ab42f3678487f1a', '90adb31f887887a572b16afbbf25bd42068279da', '2012-06-20 07:09:32', '2013-04-26 03:43:18', NULL, NULL, NULL, 1, 1, ''),
(95, '507', '507', '507@g.com', '9f4baae04074b54d8b22439e075ea240097ef6e4', 'fcf55b418284118b6e93b444be2c881937a27d9e', '2012-06-20 07:09:32', '2013-05-23 09:24:45', NULL, NULL, NULL, 1, 2, '13924766533'),
(96, '511', '511', '511@g.com', '02361c09105b41994827878dc3d96ce67719f987', '03f4dd49b58986f8275789c9e40fcdcebd38866d', '2012-06-20 07:09:32', '2012-06-20 07:09:32', NULL, NULL, NULL, 1, 3, NULL),
(97, '512', '512', '512@g.com', 'bc95e7b683abb043720e22254b84d3b8316d795d', '0e7ad97f4fbafb0b854b3b45d5ec314b14175321', '2012-06-20 07:09:32', '2012-07-13 07:35:06', NULL, NULL, NULL, 1, 4, NULL),
(98, '515', '515', '515@g.com', '02772e22e74ba5defbea505894a0c3d9e48e638c', '013b52219efe7e46f6a674951efb8d9830c43907', '2012-06-20 07:09:32', '2012-07-05 02:16:26', NULL, NULL, NULL, 1, 5, NULL),
(99, '513', '513', '513@g.com', '02a06bc81ae85f52a3612832ac89c82dc583ebf0', '403139fcb5f1afe5eb725fa6cc77720495029c06', '2012-06-20 07:09:32', '2012-06-20 07:09:32', NULL, NULL, NULL, 1, 6, NULL),
(100, '514', '514', '1031352300@qq.com', 'b66be629ef7ebd567430158b4b66101d855462ca', 'a6bac01f4cf79b386fa49237907f244ed445f176', '2012-06-20 07:09:32', '2013-05-15 12:18:43', NULL, NULL, NULL, 1, 7, '13539687528'),
(101, '523', '黄贵永', 'h2859127@163.com', 'c71240f23dc00c5a60adfffe539617c2769be77b', '9e191f8797e646b67c9fe756e9f7cab31d39c3fd', '2012-06-20 07:09:32', '2013-05-17 08:52:25', NULL, NULL, NULL, 1, 8, '13318066915'),
(102, '511014', '511014', '511014@g.cn', '3e15aee9d8a7ab392053f604b5f46625a0eac484', 'b8a2fdf163d6cbe2d606725719a21681c7b24ad3', '2012-06-21 08:59:57', '2012-06-21 08:59:57', NULL, NULL, 93, 0, NULL, NULL),
(103, '514014', '514014', '514014@g.cn', '9868d72ce0997d6b0887579f82ada7520b174f40', '044423024d75fdc3cfc1bad396e8cf9522d9c8d3', '2012-06-21 09:00:36', '2013-01-18 09:41:16', NULL, NULL, 94, 0, NULL, NULL),
(104, 'test', 'test', 'test@1.com', '8b3f001ca51e225498360f41c4447558a9b10b6d', '03bad3371b4ac50876d607baed233bbacd64b469', '2012-12-04 01:28:33', '2013-04-19 13:40:29', NULL, NULL, 91, 0, NULL, '13502771550'),
(105, '511015', '林文怀', 'styhsyjwc@126.com', '48416de8280bb35bb8de56584e3793efea0714a4', '2a5d8eba36b3f1cea792dec07d9946aa4086aff7', '2013-01-07 03:54:03', '2013-05-20 06:34:36', NULL, NULL, 95, 0, NULL, '15994912590'),
(106, '501002', '501002', '501002@stedu.net', 'b6b3a3e0713a658934680c339487c62a914d9923', 'dc30e4e6a092ac713310c0d533635dfeb6605b25', '2013-05-23 02:03:44', '2013-05-23 02:20:21', NULL, NULL, 96, 0, NULL, ''),
(107, '514015', '514015', '514015@stedu.net', '09c386c59cf45055cd50b9eb178ab32e31409d74', '01161c2d33c16149bda24cc8d2f8e57f18c72171', '2013-05-23 13:38:41', '2013-05-23 13:38:41', NULL, NULL, 97, 0, NULL, NULL);
